"directorid";"name";"rate";"gross";"num"
67;"Aalmuhammed, Jefri";7.0;42952.0;1
92;"Aarniokoski, Douglas";4.3;12801190.0;1
284;"Abbott, George (I)";6.8;0.0;1
708;"Abraham, Adam (I)";6.8;33031.0;1
746;"Abrahams, Jim";26.2;213481148.0;4
836;"Abramson, Neil";3.0;9247881.0;1
947;"Abugov, Jeff";6.0;0.0;1
1151;"Ackerman, Robert Allan";6.1;1607319.0;1
1756;"Adetuyi, Robert";4.1;1244676.0;1
1836;"Adler, Gilbert (I)";5.0;5587855.0;1
1851;"Adler, Lou";6.8;41590893.0;1
3134;"Akerman, Chantal";5.9;243750.0;1
3707;"Albacete, Alfonso";5.6;1066832.0;1
4164;"Aldrich, Robert (I)";22.8;54300000.0;3
4451;"Alexander, Scott (I)";5.3;7027345.0;1
4621;"Algar, James";22.3;384237941.0;3
4637;"Algrant, Daniel";5.6;1038959.0;1
4930;"Allcroft, Britt";2.9;15911333.0;1
4997;"Allen, Corey (I)";4.1;0.0;1
5049;"Allen, Irwin (I)";17.2;264850.0;3
5088;"Allen, Kevin (I)";12.4;259765.0;2
5185;"Allen, Woody";145.4;283179015.0;20
5201;"Allers, Roger";8.4;945578747.0;1
5308;"Allouache, Merzak";6.2;0.0;1
5425;"Almereyda, Michael";11.6;2015683.0;2
5442;"Almodóvar, Pedro";42.8;24322117.0;6
5763;"Altieri, Kevin";7.6;5588699.0;1
5798;"Altman, Robert (I)";80.5;181768600.0;12
6057;"Alves, Joe (I)";3.5;87987055.0;1
6301;"Amateau, Rod";2.7;1576615.0;1
6429;"Amelio, Gianni";7.4;4788331.0;1
6458;"Amenábar, Alejandro";7.8;368234.0;1
6523;"Amiel, Jon";24.8;398358068.0;4
6981;"Anders, Allison";24.8;8366223.0;4
7117;"Anderson, Brad (II)";6.5;3386698.0;1
7212;"Anderson, J. Todd";5.2;0.0;1
7309;"Anderson, Lindsay (I)";7.6;0.0;1
7335;"Anderson, Michael (I)";6.8;25000000.0;1
7365;"Anderson, Paul Thomas";23.1;91695753.0;3
7366;"Anderson, Paul W.S.";17.3;169269162.0;3
7387;"Anderson, Robert (XVII)";0.0;0.0;1
7456;"Anderson, Wes (I)";14.8;18136932.0;2
7682;"Andreef, Christina (I)";6.4;11132.0;1
8157;"Angelo, Yves";6.8;734406.0;1
8168;"Angelopoulos, Theodoros";7.4;106486.0;1
8171;"Angelou, Maya";6.7;5662985.0;1
8343;"Annakin, Ken";14.7;50000000.0;2
8349;"Annaud, Jean-Jacques";28.2;291055898.0;4
8468;"Anspaugh, David";20.6;53846745.0;3
8685;"Antonijevic, Predrag";7.1;12903.0;1
8702;"Antonioni, Michelangelo";14.4;20000000.0;2
9131;"Apted, Michael";24.5;429426530.0;4
9273;"Araki, Gregg";16.6;332376.0;3
9314;"Aranda, Vicente";5.9;188789.0;1
9381;"Arau, Alfonso";13.4;71678007.0;2
9494;"Arbuckle, Roscoe 'Fatty'";6.4;0.0;1
9510;"Arcand, Denys";6.5;953755.0;1
9679;"Ardolino, Emile";12.6;445554274.0;2
9836;"Argento, Dario";6.6;0.0;1
10177;"Armitage, George";7.3;28014536.0;1
10238;"Armstrong, Gillian";13.7;51592305.0;2
10292;"Armstrong, Samuel (I)";22.5;293363371.0;3
10450;"Arnold, Jack (I)";19.8;1300000.0;3
10484;"Arnold, Newt";6.5;11806119.0;1
10582;"Aronofsky, Darren";15.9;10580970.0;2
10722;"Arrick, Larry";5.0;0.0;1
10892;"Arteta, Miguel";12.0;1643173.0;2
11239;"Ashby, Hal";44.2;90177511.0;6
11282;"Asher, John (I)";5.3;81897.0;1
11290;"Asher, William (I)";14.3;0.0;3
11324;"Ashley, Christopher (III)";6.2;3487767.0;1
11566;"Asquith, Anthony";14.3;0.0;2
11602;"Assayas, Olivier";6.9;36662.0;1
12018;"Attenborough, Richard";21.0;93076243.0;3
12251;"August, Bille";20.1;22359219.0;3
12394;"Auster, Paul";20.0;9625429.0;3
12439;"Austin, Michael (I)";5.5;3021629.0;1
12546;"Avary, Roger";6.4;418953.0;1
12551;"Avati, Pupi";6.1;89263.0;1
12677;"Avildsen, John G.";31.7;569194938.0;5
12720;"Avnet, Jon";25.6;170724941.0;4
12931;"Aykroyd, Dan";4.4;8479793.0;1
12945;"Aylott, David (I)";0.0;0.0;1
13312;"Babayan, Agasi";7.9;0.0;1
13331;"Babbit, Jamie";6.2;2595216.0;1
13518;"Bach, Jean (I)";7.4;527274.0;1
13745;"Badham, John";34.9;196467268.0;6
13841;"Baer Jr., Max";4.8;0.0;1
14111;"Baichwal, Jennifer";7.2;9188.0;1
14131;"Baigelman, Steven (II)";5.3;3102672.0;1
14198;"Bailey, Fenton";7.0;1025234.0;1
14380;"Baird, Stuart";12.7;222973170.0;2
14569;"Baker, Graham (I)";11.5;30787918.0;2
14624;"Baker, Marvin";3.8;0.0;1
14663;"Baker, Roy Ward";21.2;0.0;3
14791;"Bakshi, Ralph";12.7;36471420.0;2
14824;"Balaban, Bob";4.9;3335984.0;1
14901;"Balasko, Josiane";6.2;1400000.0;1
15061;"Baldwin, Craig (I)";6.9;0.0;1
15089;"Baldwin, Peter (I)";4.8;3999612.0;1
15282;"Ballard, Carroll";14.1;52075756.0;2
15635;"Bancroft, Tony";7.3;236918403.0;1
15640;"Band, Charles";3.0;7000000.0;1
15661;"Banderas, Antonio";5.9;1954202.0;1
15725;"Banfield, George J.";0.0;0.0;1
16085;"Baran, Jack";4.3;1176982.0;1
16157;"Barba, Norberto";3.8;4932915.0;1
16200;"Barbato, Randy";7.0;1025234.0;1
16458;"Barclay, Paris";6.4;39255889.0;1
16493;"Bardem, Miguel";5.6;1066832.0;1
16692;"Barker, Clive (I)";12.8;27221489.0;2
16728;"Barker, Mike (I)";6.1;25651.0;1
17382;"Barreto, Bruno";18.4;1822608.0;3
17453;"Barrett, Shirley";6.9;579337.0;1
17579;"Barron, Steve";16.9;171636259.0;3
17680;"Barry, John (III)";4.7;0.0;1
17871;"Bartkowiak, Andrzej";5.9;55973336.0;1
17976;"Barton, Charles (I)";13.6;0.0;2
18080;"Barylli, Gabriel";4.3;0.0;1
18698;"Battersby, Bradley";5.9;64579.0;1
18859;"Bauer, Tristán";7.9;369018.0;1
18978;"Baumbach, Noah";13.2;992295.0;2
19104;"Bava, Mario";40.8;344177.0;6
19141;"Baxley, Craig R.";4.8;20257000.0;1
19163;"Baxter, Jack (I)";7.0;42952.0;1
19189;"Bay, Michael (I)";20.4;1019509788.0;3
19423;"Beaird, David";5.2;4676892.0;1
19608;"Beatty, Warren (I)";26.9;225259525.0;4
19659;"Beaudine, William";7.2;966878.0;1
19702;"Beaumont, Harry";6.3;4366000.0;1
19935;"Becker, Harold";18.2;170944636.0;3
20202;"Beebe Jr., Ford";7.8;25363371.0;1
20255;"Beeman, Greg";5.1;7919823.0;1
20504;"Beineix, Jean-Jacques";7.1;108372.0;1
20525;"Beitel, Garry";6.9;0.0;1
20577;"Bekolo, Jean-Pierre";6.9;0.0;1
20742;"Bell, Angelo";6.9;0.0;1
21219;"Belvaux, Rémy";7.5;205569.0;1
21249;"Bemberg, María Luisa";13.6;301678.0;2
21337;"Benabib, Roberto";5.9;0.0;1
21466;"Bender, Jack";4.6;20560255.0;1
21529;"Benedek, Laslo";6.5;0.0;1
21574;"Benegal, Shyam";0.0;0.0;1
21654;"Benigni, Roberto";15.6;265925264.0;2
21715;"Benjamin, Mark (I)";7.9;10791.0;1
21725;"Benjamin, Richard (I)";28.8;205565417.0;5
21803;"Bennett, Bill (I)";5.0;10700000.0;1
22000;"Benoit, Nicole (II)";7.4;0.0;1
22086;"Benson, Michael (II)";8.5;0.0;1
22188;"Benton, Robert (I)";33.6;193871012.0;5
22397;"Beresford, Bruce";57.6;364854433.0;9
22477;"Berg, Peter (I)";6.2;9801782.0;1
22622;"Bergeron, Bibo";6.6;50802661.0;1
22694;"Bergman, Andrew (I)";20.9;183512473.0;4
22707;"Bergman, Ingmar";24.4;5647796.0;3
22862;"Berkeley, Busby";6.9;0.0;1
22912;"Berkowitz, Myles";4.8;536767.0;1
22953;"Berliner, Alain";12.5;3049582.0;2
22962;"Berlinger, Joe";8.2;0.0;1
23000;"Berman, Ted";13.4;44845680.0;2
23201;"Bernds, Edward (I)";5.6;0.0;1
23305;"Bernstein, Adam (I)";6.0;51617.0;1
23392;"Berri, Claude";29.4;9718892.0;4
23669;"Bertolucci, Bernardo";41.2;13665862.0;6
23861;"Besson, Luc";37.3;355246274.0;5
24036;"Betuel, Jonathan R.";5.6;4122748.0;1
24905;"Bierman, Robert";6.2;301360.0;1
24941;"Bigelow, Kathryn";14.1;11288307.0;2
25119;"Bill, Tony (I)";6.8;1626851.0;1
25259;"Bindler, S.R.";7.6;492876.0;1
25386;"Birch, Patricia";3.8;11045234.0;1
25398;"Bird, Antonia";18.8;21691159.0;3
25401;"Bird, Brad (I)";7.9;80000000.0;1
25470;"Birkin, Andrew";7.0;322975.0;1
25639;"Bishop, Larry";5.1;80026.0;1
25936;"Blaché, Herbert";6.2;0.0;1
26033;"Black, Noel";4.9;14049540.0;1
26244;"Blair, Jon (I)";7.6;1310200.0;1
26367;"Blake, Tessa (I)";7.5;4450.0;1
26381;"Blakemore, Michael";6.6;350354.0;1
26385;"Blakeney, Eric";5.4;1631839.0;1
26428;"Blanc, Michel (I)";6.4;551359.0;1
26617;"Blanks, Jamie";5.3;72527595.0;1
26695;"Blatty, William Peter";6.0;39024251.0;1
26706;"Blaustein, Barry W.";7.3;2047570.0;1
26832;"Blier, Bertrand";6.9;925952.0;1
26926;"Block, Doug (I)";6.3;0.0;1
27050;"Bloom, Jason";10.0;13427615.0;2
27051;"Bloom, Jeffrey (I)";4.1;0.0;1
27271;"Bluth, Don";39.8;256049685.0;6
27289;"Blyth, Jeff";5.7;8153677.0;1
27485;"Bochner, Hart";5.2;20951277.0;1
27603;"Bodrov, Sergey";7.5;661361.0;1
27802;"Bogdanovich, Peter";8.0;0.0;1
28247;"Bologna, Joseph";4.9;32925.0;1
28258;"Bolotin, Craig";5.5;5871603.0;1
28550;"Bonerz, Peter";3.6;10612345.0;1
28822;"Bont, Jan de";21.6;1186738886.0;4
28851;"Bonzel, André";7.5;205569.0;1
28945;"Boorman, John";46.5;97757476.0;7
29353;"Bornedal, Ole";6.1;1154237.0;1
29445;"Borris, Clay";3.9;0.0;1
29481;"Borsos, Phillip";12.3;24872460.0;2
29496;"Borthwick, Dave";7.1;69870.0;1
29531;"Borzage, Frank";6.6;0.0;1
30006;"Boughedir, Férid";6.9;0.0;1
30343;"Boutross, Tom";3.3;0.0;1
30533;"Bowers, George (I)";4.9;22587000.0;1
30642;"Bowman, Rob (I)";6.8;189198313.0;1
30888;"Boyko, Leonid";6.7;145443.0;1
30905;"Boyle, Danny";21.8;45968028.0;3
30972;"Boyum, Steve";3.4;4308981.0;1
31140;"Braddock, Reb";5.5;0.0;1
31334;"Brady, William A.";7.0;0.0;1
31460;"Brambilla, Marco (I)";11.4;115327206.0;2
31499;"Branagh, Kenneth";55.6;191839004.0;8
31542;"Brand, Joshua (I)";5.1;468240.0;1
31746;"Brannon, Ash";7.9;485015179.0;1
32106;"Breashears, David";7.1;127990128.0;1
32111;"Breathnach, Paddy";6.8;405297.0;1
32239;"Breillat, Catherine";5.3;1282941.0;1
32240;"Breiman, Valerie";6.0;546287.0;1
32371;"Brennan, Martin (III)";7.9;0.0;1
32490;"Brest, Martin";22.3;146915548.0;3
32715;"Brickman, Paul (I)";13.2;69612502.0;2
32758;"Bridges, James (I)";12.3;979547.0;2
32878;"Bright, Matthew (I)";6.7;295493.0;1
33163;"Brizzi, Gaëtan";7.1;90874570.0;1
33164;"Brizzi, Paul";7.1;90874570.0;1
33247;"Brock, Deborah";3.4;0.0;1
33317;"Broderick, Matthew (I)";6.0;145697.0;1
33332;"Brodie, Kevin";5.9;2148212.0;1
33534;"Brook, Peter (I)";7.1;0.0;1
33595;"Brooks, Albert (I)";12.6;27985364.0;2
33652;"Brooks, James L.";27.6;480873538.0;4
33684;"Brooks, Mel (I)";55.4;313906680.0;8
33698;"Brooks, Richard (I)";14.1;17570324.0;2
33750;"Broomfield, Nick";6.2;441808.0;1
33780;"Bross, Eric";5.9;9003.0;1
33849;"Brougher, Hilary";5.9;18195.0;1
33903;"Brower, Otto";6.9;0.0;1
34004;"Brown, Bruce (I)";22.1;2071091.0;3
34185;"Brown, J. Randolph";0.0;0.0;1
34572;"Browne, Chris (I)";5.6;40717.0;1
34623;"Browning, Tod";7.6;0.0;1
34642;"Brownrigg, S.F.";4.8;0.0;1
34695;"Bruce, James (I)";4.4;0.0;1
35022;"Bruno, John (I)";4.7;14010690.0;1
35075;"Brusati, Franco";7.2;0.0;1
35541;"Buck, Chris (II)";7.0;448191819.0;1
35655;"Bucquoy, Jan";5.6;0.0;1
35749;"Buechler, John Carl";4.9;19069488.0;1
35892;"Bui, Tony (I)";7.0;2019237.0;1
35982;"Bulbulian, Maurice";0.0;0.0;1
36373;"Burger, Hans (I)";0.0;0.0;1
36534;"Burke, Erik (I)";7.5;0.0;1
36634;"Burkin, Stuart";4.3;0.0;1
36738;"Burnett, Charles (I)";6.3;3313633.0;1
36822;"Burns, Edward (I)";18.1;19839092.0;3
36926;"Burr, Jeff (I)";4.8;5765562.0;1
37039;"Burstein, Nanette";7.0;47074.0;1
37083;"Burton, Geoff";7.0;766464.0;1
37121;"Burton, Tim (I)";58.6;1207770233.0;8
37181;"Buscemi, Steve";7.1;673269.0;1
37587;"Butler, Robert (I)";21.6;11466088.0;4
37612;"Butoy, Hendel";13.8;118806031.0;2
37677;"Buttgereit, Jörg";5.1;0.0;1
37738;"Buzby, Zane";3.9;0.0;1
37760;"Buñuel, Luis";14.8;4037017.0;2
37794;"Byer, Troy";3.5;417827.0;1
37951;"Byrum, John";6.3;6551987.0;1
38319;"Cabanne, Christy";6.0;0.0;1
38555;"Cadiff, Andy";4.7;10713605.0;1
38755;"Caiano, Mario";5.2;0.0;1
38775;"Caillier, Barry";5.4;0.0;1
38785;"Cain, Christopher (I)";20.4;87797319.0;4
39601;"Camerini, Mario";6.6;0.0;1
39629;"Cameron, James (I)";47.6;3295280440.0;6
39702;"Caminito, Augusto";5.2;0.0;1
39750;"Camp, Joe (I)";17.2;79542224.0;3
39776;"Campanella, Juan José";5.4;0.0;1
39944;"Campbell, Martin (I)";19.8;562605106.0;3
40066;"Campion, Anna";4.5;0.0;1
40070;"Campion, Jane";19.4;45609616.0;3
40434;"Cannon, Danny (I)";15.8;197538664.0;3
40775;"Caplan, Cathy";7.7;269823.0;1
40901;"Capra, Frank";56.5;1057444.0;7
41028;"Carax, Leos";7.4;117569.0;1
41236;"Cardone, J.S.";5.9;7394.0;1
41457;"Carlei, Carlo";6.3;3987649.0;1
41508;"Carlino, Lewis John";12.8;26370364.0;2
41759;"Carnahan, Joe";5.4;13674.0;1
41837;"Carné, Marcel";8.1;8200000.0;1
41852;"Caro, Marc";15.3;3307215.0;2
41886;"Caron, Glenn Gordon";10.8;52208854.0;2
41939;"Carpenter, John (I)";82.0;268171319.0;12
41969;"Carpenter, Stephen (I)";5.2;2407024.0;1
42095;"Carr, Steve (III)";5.6;57176582.0;1
42098;"Carr, Thomas (I)";0.0;0.0;1
42436;"Carroll, Willard (I)";7.0;3956212.0;1
42495;"Carson, David (I)";6.5;120000000.0;1
42738;"Carter, Thomas (II)";11.7;37619649.0;2
43319;"Cassavetes, John (I)";7.1;0.0;1
43320;"Cassavetes, Nick";12.4;7456679.0;2
43514;"Castellaneta, P.J. (I)";6.7;452654.0;1
43724;"Castle, Nick (I)";15.5;48939511.0;3
43728;"Castle, William";19.6;0.0;3
43862;"Castro, Rick";6.0;127251.0;1
44035;"Caton-Jones, Michael";13.0;170510560.0;2
44051;"Cattaneo, Peter";7.1;243957453.0;1
44257;"Cavani, Liliana";6.6;233471.0;1
45075;"Chabrol, Claude";21.4;864882.0;3
45120;"Chadha, Gurinder";6.4;735192.0;1
45158;"Chaffey, Don";6.1;4100000.0;1
45542;"Champion, Gregg (I)";5.4;20277185.0;1
45642;"Chan, Jackie (I)";13.8;15051055.0;2
45680;"Chan, Peter (I)";5.2;8276228.0;1
45741;"Chance, Tony (I)";7.4;0.0;1
45868;"Chaney, Lon";7.7;0.0;1
46148;"Chaplin, Charles";80.0;4880467.0;10
46170;"Chapman, Brenda (I)";6.8;218613188.0;1
46229;"Chapman, Michael (I)";5.0;1951794.0;1
46277;"Chappelle, Joe";9.8;20763732.0;2
46424;"Charlot, André";5.6;0.0;1
46648;"Chatiliez, Étienne";6.8;414736.0;1
46944;"Chechik, Jeremiah S.";28.7;206345566.0;5
47042;"Chelsom, Peter";20.5;7489130.0;3
47160;"Chen, Joan (I)";12.4;91091820.0;2
47164;"Chen, Kaige";21.8;7629855.0;3
47495;"Cherot, Christopher Scott";5.7;2301777.0;1
48211;"Chionglo, Mel";5.9;0.0;1
48629;"Cholodenko, Lisa";6.5;1929168.0;1
48676;"Chong, Tommy";6.8;41590893.0;1
48974;"Christensen, Carlos Hugo";0.0;0.0;1
49086;"Christian, Roger (I)";2.4;29725663.0;1
49233;"Christopher, Mark (I)";12.3;16761406.0;2
49615;"Chéreau, Patrice";13.8;2080997.0;2
49710;"Ciccoritti, Jerry";4.8;0.0;1
49834;"Cimino, Michael (I)";21.2;75023107.0;3
50126;"Clair, René";7.6;0.0;1
50232;"Clark, Bob (III)";26.6;192287931.0;5
50366;"Clark, Larry (I)";13.2;21025234.0;2
50572;"Clarke, Robert (I)";3.3;0.0;1
50691;"Clavell, James";7.5;42432803.0;1
50791;"Clayton, Jack (I)";22.1;5656087.0;3
50838;"Cleese, John";7.6;63493712.0;1
50873;"Clemens, William (I)";6.0;0.0;1
50946;"Clements, Ron";29.5;905247314.0;4
51033;"Clifford, Graeme";7.2;108488.0;1
51075;"Cline, Edward F.";14.4;28247.0;2
51115;"Clokey, Art";5.8;57100.0;1
51240;"Clément, René";7.7;618090.0;1
51400;"Cochran, Stacy";4.5;516350.0;1
51556;"Coen, Ethan";46.7;127172109.0;6
51557;"Coen, Joel";46.7;127172109.0;6
51757;"Cohen, Eli (I)";6.6;0.0;1
51827;"Cohen, Larry (I)";5.5;3014000.0;1
51892;"Cohen, Peter M.";4.2;4142507.0;1
51903;"Cohen, Rob (I)";17.2;298536999.0;3
51961;"Cohn, Alan";5.7;15062898.0;1
51993;"Cohn, Peter";6.0;0.0;1
52233;"Cole, Nigel";6.8;12115757.0;1
52329;"Coleman, Lionel";7.1;1205606.0;1
52463;"Collard, Cyril";6.8;662341.0;1
52776;"Collinson, Peter";5.9;283566.0;1
52778;"Collis, Adam";5.4;3926.0;1
52953;"Columbus, Chris";44.9;1742281179.0;7
53258;"Condon, Bill";12.4;20330415.0;2
53330;"Coninx, Stijn";7.5;0.0;1
53403;"Connell, Myles";5.7;581142.0;1
53429;"Connelly, Theresa";5.2;563143.0;1
53599;"Conrad, Mikel";4.5;0.0;1
53860;"Conway, Jack (I)";7.5;0.0;1
53910;"Cook, Barry (I)";7.3;236918403.0;1
54134;"Coolidge, Martha";18.3;47951683.0;3
54305;"Cooper, Merian C.";8.0;1700000.0;1
54501;"Coppola, Francis Ford";75.6;1045159226.0;10
54512;"Coppola, Sofia";7.2;10409377.0;1
54543;"Coraci, Frank";18.4;385673134.0;3
54595;"Corbiau, Gérard";6.7;2122948.0;1
54859;"Cormack, Robert";6.6;0.0;1
54863;"Corman, Roger";45.2;2000000.0;7
54934;"Cornell, John (I)";5.3;239700000.0;1
55048;"Corr, Eugene";6.5;161946.0;1
55156;"Corrente, Michael";17.9;8351202.0;3
55402;"Coscarelli, Don";24.3;17659472.0;4
55449;"Cosmatos, George P.";18.6;359060037.0;3
55590;"Costa-Gavras";12.2;36372335.0;2
55703;"Costner, Kevin";19.7;706011611.0;3
55750;"Coto, Manny";5.1;7015240.0;1
55828;"Cottrell, William (I)";7.8;41634000.0;1
56116;"Couturié, Bill";2.4;6288000.0;1
56159;"Covert, Michael (III)";5.1;1910.0;1
56307;"Cox, Alex (I)";13.8;6576603.0;2
56497;"Cozzi, Luigi";5.2;0.0;1
56545;"Craft, Michael (I)";8.1;0.0;1
56774;"Craven, Wes";53.7;555732684.0;9
57086;"Crichton, Charles";14.2;63493712.0;2
57090;"Crichton, Michael";26.0;68656248.0;4
57135;"Crisp, Donald (I)";6.3;0.0;1
57144;"Crispino, Armando";5.7;0.0;1
57176;"Cristofer, Michael";4.8;239894.0;1
57285;"Croghan, Emma-Kate";5.8;212285.0;1
57290;"Croise, Hugh";7.4;0.0;1
57331;"Cromwell, John (I)";21.2;0.0;3
57348;"Cronenberg, David";41.9;98038764.0;6
57620;"Crowe, Cameron (I)";29.0;240258746.0;4
57941;"Crystal, Billy";11.9;46545857.0;2
57955;"Cs. Nagy, Sándor";5.3;0.0;1
58024;"Cuarón, Alfonso";14.2;52452351.0;2
58038;"Cube, Ice";5.0;23031390.0;1
58124;"Cuerda, José Luis";7.4;2086098.0;1
58206;"Cukor, George";55.2;489292232.0;7
58432;"Cundieff, Rusty";17.2;19589262.0;3
58545;"Cunningham, Sean S.";6.4;5816321.0;1
58613;"Curiel, Federico";4.3;0.0;1
58711;"Currier, Lavinia (I)";6.2;249682.0;1
58769;"Curtis, Dan (I)";6.1;0.0;1
58824;"Curtis-Hall, Vondie";6.8;5479037.0;1
58826;"Curtiz, Michael";44.7;1661267.0;6
58938;"Cutler, R.J.";6.8;48522.0;1
59455;"d'Arrast, Harry d'Abbadie";7.7;0.0;1
59798;"DaCosta, Morton";7.7;23300000.0;1
59933;"Dahl, John (I)";20.0;28188503.0;3
60456;"Damiani, Damiano";5.0;11328000.0;1
60979;"Dante, Joe (I)";38.3;319946774.0;6
61069;"Darabont, Frank";17.8;195301374.0;2
61090;"Darby, Jonathan (I)";4.9;13513622.0;1
61116;"Dardenne, Jean-Pierre";15.1;716195.0;2
61118;"Dardenne, Luc";15.1;716195.0;2
61210;"Darnell, Eric";6.6;152346554.0;1
61414;"Dash, Julie";5.8;1640678.0;1
61462;"Dassin, Jules";6.7;17351.0;1
61657;"Daves, Delmer";6.8;0.0;1
61738;"David, Larry (I)";5.5;219932.0;1
61820;"Davidson, Andrew (II)";7.7;0.0;1
61881;"Davidson, Martin (I)";5.7;0.0;1
62029;"Davies, Terence";6.0;27274.0;1
62087;"Davis, Andrew (I)";30.5;674957956.0;5
62189;"Davis, Desmond (I)";6.3;0.0;1
62310;"Davis, Julie (I)";5.4;33598.0;1
62363;"Davis, Michael (II)";6.0;26347.0;1
62374;"Davis, Mick (I)";6.0;0.0;1
62398;"Davis, Peter (II)";8.1;28287.0;1
62483;"Davis, Tamra";24.7;42867730.0;4
62974;"De Bello, John (I)";4.5;0.0;1
63214;"De Felitta, Raymond";7.1;1015055.0;1
63380;"de Heer, Rolf";13.7;172668.0;2
63876;"De Michiel, Helen";5.8;0.0;1
63936;"De Niro, Robert";7.7;17266971.0;1
63979;"de Oliveira, Manoel";12.4;52609.0;2
64003;"De Palma, Brian";53.2;854297736.0;8
64247;"de Seve, Mike";6.6;63071133.0;1
64253;"De Sica, Vittorio";31.2;929624.0;4
64303;"de Souza, Steven E.";3.5;105414729.0;1
64664;"Dear, William";17.3;87322106.0;3
64706;"DeBartolo, Tiffanie";5.8;0.0;1
64821;"DeCerchio, Tom";11.6;9405854.0;2
64905;"DeCoteau, David";5.5;12784.0;1
65079;"DeFranco, Rob (I)";4.2;0.0;1
65302;"Dekker, Fred";10.4;11287576.0;2
65543;"del Toro, Guillermo";12.5;26075579.0;2
65689;"Delannoy, Jean";6.9;0.0;1
65787;"DeLeon, Marcus";5.1;23567.0;1
66071;"Delman, Jeffrey";4.0;2750741.0;1
66373;"DeMille, Cecil B.";14.2;14000000.0;2
66413;"Demme, Jonathan";56.5;529027702.0;8
66414;"Demme, Ted";20.4;24230114.0;3
66481;"Demy, Jacques";7.7;18425.0;1
66577;"Denis, Claire";13.6;111015.0;2
66728;"Densham, Pen";6.2;3363968.0;1
66892;"Deramas, Wenn V.";6.2;0.0;1
67251;"DeSimone, Tom (I)";5.5;0.0;1
67488;"Deutch, Howard";36.3;216161463.0;6
67692;"DeVito, Danny";6.6;33084249.0;1
67866;"Dey, Tom (I)";6.5;99274467.0;1
68316;"Diamond, Matthew";7.4;240514.0;1
68584;"DiCillo, Tom";13.2;1396497.0;2
68638;"Dickerson, Ernest R.";17.9;49941001.0;3
68838;"Diem, Mike van";7.6;713413.0;1
68897;"Dieterle, William";14.2;0.0;2
69336;"Dindal, Mark";6.7;3562749.0;1
69438;"Dinner, Michael";5.4;13019253.0;1
69502;"Diop Mambéty, Djibril";6.9;0.0;1
69549;"Dippé, Mark A.Z.";5.1;87949859.0;1
69637;"Disney, Walt";7.6;0.0;1
69832;"Dizdar, Jasmin";6.2;261360.0;1
69968;"Dmytryk, Edward";27.8;1300000.0;4
70059;"Dobkin, David";6.4;1789892.0;1
70110;"Dobson, Kevin James";5.7;6029091.0;1
70352;"Doillon, Jacques";7.4;1351319.0;1
70519;"Domaradzki, Jerzy";7.0;1220.0;1
70782;"Donaldson, Roger";29.8;298799298.0;5
70851;"Donen, Stanley";47.8;18641027.0;7
70986;"Donner, Richard";90.4;1744550739.0;13
71009;"Donohue, Jack";6.0;0.0;1
71046;"Donovan, Martin (I)";5.9;0.0;1
71072;"Donsky, Seth Michael";5.5;0.0;1
71277;"Dorman, Joseph";6.9;47044.0;1
71330;"Dornhelm, Robert";5.6;0.0;1
71572;"Doueiri, Ziad";7.4;343229.0;1
71606;"Doughten Jr., Russell S.";6.3;0.0;1
71639;"Douglas, Gordon";7.2;0.0;1
71897;"Dowling, Kevin (I)";7.0;766464.0;1
71935;"Downey Sr., Robert";10.6;3620.0;2
72182;"Dragoti, Stan";6.2;64800000.0;1
72220;"Drake, Jim (II)";4.4;28061343.0;1
72319;"Drazan, Anthony";5.6;1796328.0;1
72493;"Dridi, Karim";7.0;0.0;1
72746;"Dryfoos, Susan Warms";7.2;0.0;1
72782;"Du Chau, Frederik";5.6;38117758.0;1
72800;"du Preez, Anton";0.0;0.0;1
73038;"Ducastel, Olivier";6.5;13936.0;1
73068;"Duchemin, Rémy";5.6;236090.0;1
73260;"Duffell, Peter";6.6;822650.0;1
73318;"Duffy, Troy";7.8;25812.0;1
73359;"Dugan, Dennis (I)";23.2;288810405.0;4
73409;"Dugowson, Martine";12.8;121134.0;2
73412;"Duguay, Christian (I)";18.5;36521053.0;3
73435;"Duigan, John (I)";38.1;8106517.0;6
73462;"Duke, Bill (I)";10.8;80780042.0;2
73705;"Duncan, Peter (II)";11.2;830608.0;2
73753;"Dunham, Duwayne";6.7;41833324.0;1
73908;"Dunne, Griffin";11.7;81389785.0;2
73929;"Dunning, George (II)";7.2;0.0;1
73950;"Dunsky, Evan";5.1;55986.0;1
74571;"Duvall, Robert";7.1;20733485.0;1
74629;"Dwan, Allan";0.0;0.0;1
74747;"Dyer, Julia";6.1;34891.0;1
74845;"Dzhordzhadze, Nana";6.6;603957.0;1
75052;"Dörrie, Doris";7.0;0.0;1
75298;"Eastwood, Clint";84.3;739666109.0;12
75375;"Eberhardt, Thom E.";6.2;14418922.0;1
75785;"Edmonds, Don (I)";5.1;0.0;1
75895;"Edwards, Blake (I)";40.9;127518963.0;6
75922;"Edwards, David (I)";8.1;0.0;1
75955;"Edwards, Henry (I)";0.0;0.0;1
76326;"Egoyan, Atom";21.7;8255883.0;3
76647;"Eisenstein, Sergei M.";8.0;50970.0;1
77032;"Elders, Kevin";2.3;292152.0;1
77100;"Elfont, Harry";6.3;25339117.0;1
77354;"Ellin, Doug (I)";8.7;5266585.0;2
77403;"Elliott, Aiyana";7.4;221893.0;1
77481;"Elliott, Scott (II)";6.5;544538.0;1
77485;"Elliott, Stephan";17.4;27554175.0;3
77506;"Elliotte, John";7.3;0.0;1
77536;"Ellis, David R.";5.5;32709423.0;1
77728;"Elorrieta, Javier";4.2;0.0;1
78050;"Emmerich, Roland";31.7;1607545527.0;5
78412;"English, John (I)";6.7;0.0;1
78431;"Englund, George (I)";5.3;0.0;1
78464;"Enlen, Martin";7.2;0.0;1
78540;"Enríquez Alcalá, Félix";4.6;20228448.0;1
78594;"Enyedi, Ildikó";5.9;0.0;1
78623;"Ephron, Nora";23.5;445774852.0;4
78703;"Epstein, Rob (I)";7.6;1507800.0;1
79752;"Estevez, Emilio";12.2;5749542.0;2
80051;"Evans, Brian (II)";5.4;0.0;1
80087;"Evans, David (II)";6.5;13600.0;1
80096;"Evans, David M. (I)";4.7;26459681.0;1
80178;"Evans, Marc (I)";5.2;0.0;1
80286;"Eveleigh, Leslie";0.0;0.0;1
80506;"Eyre, Chris";6.9;6719300.0;1
80609;"Faber, Christian (I)";6.6;0.0;1
80882;"Faiman, Peter";6.5;360000000.0;1
81150;"Falkenstein, Jun";6.1;45542421.0;1
81164;"Fall, Jim";6.5;2049595.0;1
81254;"Famuyiwa, Rick";6.3;25047631.0;1
81277;"Fanaka, Jamaa";8.3;662896.0;2
81281;"Fancher, Hampton";6.2;368808.0;1
81651;"Farmer, Jennifer Wynne";5.8;10508.0;1
81813;"Farrelly, Bobby";27.5;685895743.0;4
81818;"Farrelly, Peter";27.5;685895743.0;4
82548;"Feist, Felix E.";5.7;0.0;1
82756;"Fellini, Federico";22.1;756908.0;3
82960;"Fenton, Leslie";6.0;0.0;1
83109;"Ferguson, Norman (I)";29.2;44226930.0;4
83141;"Ferland, Guy (I)";10.2;252318.0;2
83624;"Ferrara, Abel";42.3;7133867.0;7
83871;"Ferreri, Marco (I)";7.1;125681.0;1
84275;"Field, Sally";4.6;3060963.0;1
84351;"Fiennes, Martha";6.5;206128.0;1
84408;"Figgis, Mike";37.3;49379980.0;6
84679;"Finch, Nigel";6.9;616248.0;1
84686;"Fincher, David";25.3;533795683.0;3
84839;"Finkleman, Ken";5.9;27150534.0;1
84899;"Finn, Will (I)";6.6;50802661.0;1
85288;"Fisher, Bud";7.9;0.0;1
85320;"Fisher, Jack (IV)";6.8;0.0;1
85387;"Fisher, Terence";28.3;7000000.0;4
85424;"Fisk, Jack";5.5;4743287.0;1
85550;"Fitzgerald, Thom";13.7;1201752.0;2
85572;"Fitzmaurice, George";7.0;0.0;1
85699;"Flaherty, Paul (I)";5.5;10982364.0;1
85853;"Fleder, Gary";13.1;85521326.0;2
85881;"Fleischer, Dave (I)";6.7;0.0;1
85889;"Fleischer, Richard";35.6;36738996.0;6
85912;"Fleischner, Julio de";0.0;0.0;1
85923;"Fleming, Andrew (I)";17.9;76719820.0;3
85984;"Fleming, Victor (I)";24.1;405292232.0;3
86000;"Flender, Rodman";6.0;4002955.0;1
86654;"Foley, James (I)";31.6;69202069.0;5
86806;"Fons, Jorge";7.3;0.0;1
86864;"Fontaine, Anne";6.9;142363.0;1
86945;"Fonteyne, Frédéric";6.9;347808.0;1
87006;"Forbes, Bryan";13.3;0.0;2
87113;"Ford, John (I)";39.6;27225685.0;5
87291;"Forman, Milos";31.9;167138348.0;4
87353;"Forouzesh, Ebrahim";6.9;0.0;1
87467;"Forsyth, Bill (I)";12.3;7286729.0;2
87499;"Forte, John (I)";5.8;61663.0;1
87513;"Fortenberry, John";9.6;47339599.0;2
87638;"Fosse, Bob";15.3;42851229.0;2
87706;"Foster, Harve";7.2;15495830.0;1
87721;"Foster, Jodie";6.3;17518220.0;1
87752;"Foster, Norman (I)";6.9;0.0;1
88176;"Foyt, Victoria";5.6;269904.0;1
88284;"Frakes, Jonathan";13.8;269000000.0;2
88430;"Francis, Dean (I)";5.8;0.0;1
88650;"Frank, Carol (I)";3.6;0.0;1
88759;"Frankel, David (I)";5.2;5221281.0;1
88781;"Frankenheimer, John";39.3;112157018.0;6
88807;"Franklin, Carl (I)";20.3;40782648.0;3
88823;"Franklin, Howard";5.2;8289972.0;1
88826;"Franklin, Jeff (I)";5.4;2622075.0;1
88848;"Franklin, Richard (I)";11.7;51533429.0;2
88851;"Franklin, Sidney (I)";14.6;0.0;2
89098;"Frawley, James";7.6;76657000.0;1
89150;"Frears, Stephen";47.6;90135778.0;7
89278;"Freedman, Jerrold";6.0;1293918.0;1
89308;"Freeland, Jason";5.7;3077.0;1
89403;"Freeman, Morgan J.";12.4;433188.0;2
89713;"Freund, Karl";14.8;0.0;2
89720;"Freundlich, Bart";5.8;458815.0;1
89812;"Fricke, Ron (I)";8.3;1250322.0;1
89864;"Friedberg, Rick";5.0;26906039.0;1
89872;"Friedenberg, Richard";7.0;119254.0;1
89882;"Friedkin, William";37.9;519710762.0;6
89944;"Friedman, Jeffrey (I)";7.6;1507800.0;1
90038;"Frieri, Christopher C.";7.5;0.0;1
90204;"Friðriksson, Friðrik Þór";6.9;337560.0;1
90419;"Frye, E. Max";5.3;9745803.0;1
90796;"Fukasaku, Kinji";7.4;14500000.0;1
90893;"Fulci, Lucio";6.1;0.0;1
91117;"Fuqua, Antoine";11.6;50425127.0;2
91135;"Furie, Sidney J.";22.0;50168216.0;5
91338;"Färberböck, Max";7.1;927107.0;1
91540;"Gabriel, Mike (I)";13.1;374011234.0;2
91694;"Gage, Beth";7.4;0.0;1
91699;"Gage, George";7.4;0.0;1
91838;"Gainville, René";6.5;0.0;1
92388;"Gallo, Vincent";7.3;2365931.0;1
92396;"Gallone, Carmine";5.5;0.0;1
92399;"Galloro, Antonio";0.0;0.0;1
93051;"Garci, José Luis";7.3;50037.0;1
93316;"Garcia, Risa Bramon";5.5;6851636.0;1
93823;"Gardner, Herb";6.3;222525.0;1
94214;"Garris, Mick";4.8;30524763.0;1
94515;"Gast, Leon";7.8;2666118.0;1
94601;"Gatlif, Tony";6.8;0.0;1
94760;"Gaup, Nils";4.6;0.0;1
95047;"Gazdag, Gyula";6.7;0.0;1
95442;"Geller, Daniel (I)";7.4;0.0;1
95735;"George, George W.";6.3;0.0;1
95767;"George, Peter (II)";3.0;0.0;1
95787;"George, Terry (I)";7.0;608032.0;1
96107;"Geronimi, Clyde";56.3;157156441.0;8
96851;"Gibbons, Rodney (I)";11.4;0.0;2
96927;"Gibson, Brian (I)";17.6;64229293.0;3
96982;"Gibson, Mel (I)";14.9;235170283.0;2
97310;"Gilbert, Brian (I)";13.3;2696235.0;2
97356;"Gilbert, Lewis (II)";13.2;395708099.0;2
97562;"Gillard, Stuart";4.6;42660000.0;1
97595;"Gillespie, Jim (I)";5.5;125586134.0;1
97642;"Gilliam, Terry";46.5;263260824.0;6
97726;"Gillstrom, Arvid E.";0.0;0.0;1
97921;"Ginsberg, Milton Moses";6.8;0.0;1
98095;"Girard, Bernard (I)";6.9;104812.0;1
98099;"Girard, François (I)";14.8;11040925.0;2
98451;"Glaser, Paul Michael";26.7;108503133.0;5
98528;"Glatter, Lesli Linka";12.3;27521875.0;2
98593;"Glebas, Francis";7.1;90874570.0;1
98630;"Glen, John (II)";22.7;506417600.0;4
98731;"Glimcher, Arne";6.2;36853222.0;1
99002;"Godard, Jean-Luc";35.0;255085.0;5
99032;"Goddard, Jim (I)";2.8;2209013.0;1
99240;"Goetz, Kevin (I)";0.0;0.0;1
99241;"Goetz, Michael (II)";0.0;0.0;1
99380;"Golan, Menahem";6.6;0.0;1
99447;"Goldbacher, Sandra";6.0;3719492.0;1
99484;"Goldberg, Eric (I)";13.5;436954343.0;2
99543;"Goldberger, Julian (I)";5.6;9623.0;1
99597;"Goldenberg, Michael";5.7;19030691.0;1
99626;"Goldfine, Dayna";7.4;0.0;1
99697;"Goldman, Gary (I)";25.6;198426358.0;4
99806;"Goldstein, Allan A.";4.2;1700929.0;1
99873;"Goldstone, James";6.0;222377.0;1
99883;"Goldthwait, Bobcat";5.0;115103.0;1
99897;"Goldwyn, Tony";6.4;4741987.0;1
100012;"Gomer, Steve";7.5;21144518.0;2
100138;"Gomez, Nick (I)";16.7;19755086.0;3
100853;"Goodhew, Philip";6.2;7100.0;1
100911;"Goodman, Jenniphr";6.5;4340373.0;1
101035;"Goodwins, Leslie";5.3;0.0;1
101246;"Gordon, Keith (I)";13.6;719780.0;2
101300;"Gordon, Robert (I)";5.8;0.0;1
101316;"Gordon, Steve (I)";6.7;88595661.0;1
101320;"Gordon, Stuart (I)";7.2;1861026.0;1
101488;"Gornick, Michael";5.6;14000000.0;1
101529;"Gorris, Marleen";13.9;8086889.0;2
101620;"Gosnell, Raja";14.5;281207183.0;3
101647;"Gosse, Bob";6.9;168462.0;1
101761;"Gottlieb, Michael (I)";4.5;13323625.0;1
101866;"Gould, Heywood";5.2;6971777.0;1
101904;"Goulding, Edmund";7.6;2594000.0;1
101963;"Goursaud, Anne";4.0;0.0;1
102268;"Graef Marino, Gustavo";7.0;0.0;1
102406;"Graham, Jordan (V)";0.0;0.0;1
102750;"Grant, James Edward";6.7;0.0;1
102984;"Graves, Alex (I)";5.5;0.0;1
103083;"Gray, F. Gary";20.6;112833173.0;3
103096;"Gray, James (I)";13.0;1978595.0;2
103109;"Gray, John (I)";5.1;46600000.0;1
103453;"Green, Jack N. (I)";6.0;500649.0;1
103481;"Green, Joseph (II)";3.7;0.0;1
103623;"Greenaway, Peter";33.8;10435255.0;5
103801;"Greengrass, Paul";6.5;71999.0;1
103845;"Greenspan, Bud";6.1;229128.0;1
103870;"Greenwald, Robert";6.3;76053.0;1
104077;"Greif, Leslie";5.1;0.0;1
104433;"Griffith, Charles B.";6.3;0.0;1
104964;"Grosbard, Ulu";12.1;16284274.0;2
106006;"Guest, Christopher (I)";20.2;27628759.0;3
106015;"Guest, Val";13.4;0.0;2
106208;"Guillermin, John";28.3;200637958.0;5
106836;"Gustad, Kaizad";0.0;0.0;1
106995;"Gutiérrez Alea, Tomás";14.0;2832283.0;2
107361;"Gyllenhaal, Stephen";11.7;8715553.0;2
107517;"Gómez Pereira, Manuel";6.6;0.0;1
107863;"Haas, George";4.2;94633.0;1
107880;"Haas, Philip";12.6;8231319.0;2
108073;"Hackford, Taylor";34.5;228903110.0;5
108434;"Haggard, Piers";4.4;2399109.0;1
108515;"Hahn, Don (I)";7.1;90874570.0;1
108594;"Haigney, Michael";10.1;129491585.0;2
108646;"Haines, Randa";12.2;47667168.0;2
108647;"Haines, Richard W.";5.3;0.0;1
108911;"Halicki, H.B.";6.4;601455.0;1
109169;"Hall, Peter (I)";4.9;6849998.0;1
109378;"Hallström, Lasse";28.1;125944001.0;4
109500;"Halvorson, Gary";5.5;11634458.0;1
109579;"Hamburg, John";5.8;21210.0;1
109735;"Hamilton, Guy (I)";27.5;355977836.0;4
109846;"Hamm, Nick";6.0;15546.0;1
110012;"Hampton, Christopher (I)";12.2;3348948.0;2
110171;"Hancock, John D.";5.8;18587135.0;1
110186;"Hand, David (I)";15.2;309634000.0;2
110234;"Handley, Jim (I)";7.8;25363371.0;1
110264;"Haneke, Thomas";7.7;269823.0;1
110316;"Hanke, Chris";4.5;0.0;1
110338;"Hanks, Tom";6.7;34585416.0;1
110373;"Hanlon, Mark (I)";6.1;10281.0;1
110667;"Hanson, Curtis (I)";34.7;333200248.0;5
111155;"Hardy, Rob (I)";3.4;1160268.0;1
111178;"Hare, David (I)";5.9;0.0;1
111350;"Harlin, Renny";41.1;811387749.0;7
111354;"Harling, Robert";5.5;12747242.0;1
111614;"Harrington, Curtis";6.1;0.0;1
111713;"Harris, Damian (I)";5.2;3700000.0;1
111867;"Harris, Monika";3.8;0.0;1
111907;"Harris, Scott (II)";6.0;0.0;1
112002;"Harrison, Greg (III)";5.9;1114943.0;1
112018;"Harrison, John (I)";5.9;16324573.0;1
112039;"Harrison, Matthew (I)";3.1;102739.0;1
112098;"Harron, Mary (I)";14.0;36080854.0;2
112288;"Hartley, Hal (I)";27.7;2624205.0;4
112490;"Harvey, Anthony (II)";7.0;0.0;1
112522;"Harvey, Herk";7.0;0.0;1
112593;"Has, Wojciech";7.7;118971.0;1
112712;"Hashimoto, Koji (I)";5.8;4116395.0;1
112768;"Haskin, Byron";7.1;0.0;1
112943;"Hata, Masami";7.0;1368000.0;1
112944;"Hata, Masanori (I)";7.0;13299749.0;1
113016;"Hathaway, Henry";20.8;131621742.0;3
113053;"Hatta, Kayo";6.6;1238905.0;1
113501;"Hawks, Howard";44.8;19417.0;6
113846;"Haynes, Todd";20.1;2175557.0;3
113927;"Haywood-Carter, Annette";5.8;258263.0;1
114029;"He, Ping";6.7;272232.0;1
114305;"Heckerling, Amy";30.6;202554104.0;5
114337;"Hedden, Rob";4.2;14335525.0;1
114412;"Hee, T.";15.4;44226930.0;2
114526;"Hegedus, Chris";7.4;901668.0;1
114567;"Heid, Graham";7.4;268000000.0;1
115048;"Hellman, Jaime";4.6;0.0;1
115256;"Henabery, Joseph";6.9;0.0;1
115505;"Henkel, Kim";2.9;94558.0;1
115673;"Henry, Buck";6.8;4192799.0;1
115803;"Henson, Brian";14.2;60890507.0;2
115808;"Henson, Jim (I)";21.5;55196629.0;3
115814;"Henson, Robby";6.9;50652.0;1
115963;"Herd, Kelli";6.0;5639.0;1
115990;"Herek, Stephen";29.6;504102144.0;5
116081;"Herman, Mark (I)";13.9;7155471.0;2
116276;"Hernandez, Tamara (I)";6.1;2303.0;1
116640;"Herrington, Rowdy";5.6;23798623.0;1
116726;"Hershey, Barry J.";6.0;10750.0;1
116735;"Hershman-Leeson, Lynn";4.8;0.0;1
116741;"Herskovitz, Marshall";7.0;4530929.0;1
116803;"Herz, Michael";14.4;1156527.0;3
116812;"Herzfeld, John";6.4;11090856.0;1
116822;"Herzog, Ed";5.4;0.0;1
116837;"Herzog, Werner (I)";28.8;105094.0;4
116937;"Hessler, Gordon";6.7;0.0;1
116956;"Heston, Fraser Clarke";11.4;26752695.0;2
117086;"Hewitt, Peter (I)";11.2;70095095.0;2
117107;"Hexter, Russ";6.7;26933.0;1
117168;"Heynemann, Laurent";6.5;50349.0;1
117224;"Hibler, Winston";6.5;0.0;1
117239;"Hickenlooper, George";13.3;0.0;2
117293;"Hickner, Steve";6.8;218613188.0;1
117295;"Hickox, Anthony (I)";10.1;12534961.0;2
117299;"Hickox, James D.R.";3.5;0.0;1
117351;"Hicks, Scott (I)";14.2;50189862.0;2
117352;"Hicks, Seymour";7.4;0.0;1
117761;"Hill, George Roy";22.4;278237221.0;3
117774;"Hill, Jack (I)";6.4;0.0;1
117873;"Hill, Robert F.";5.1;0.0;1
117905;"Hill, Tim (III)";6.1;16290976.0;1
117915;"Hill, Walter (I)";18.3;49104283.0;3
117957;"Hiller, Arthur";13.7;56217403.0;3
118102;"Hiltzik, Robert";5.9;0.0;1
118604;"Hitchcock, Alfred (I)";361.9;199969708.0;52
118759;"Ho, Meng Hua";5.4;15950.0;1
118882;"Hoblit, Gregory";21.7;149353518.0;3
118902;"Hoch, Danny";7.9;10791.0;1
119017;"Hodges, Mike (I)";20.7;10079796.0;3
119306;"Hoffman, Michael (I)";25.3;102774418.0;4
119383;"Hoffs, Tamar Simon";3.4;2700000.0;1
119427;"Hofmeyr, Gray";5.9;978500.0;1
119455;"Hogan, David (I)";3.1;3794000.0;1
119469;"Hogan, P.J.";13.2;356788605.0;2
119622;"Holden Jones, Amy";10.1;8538318.0;2
119730;"Holland, Agnieszka";26.4;33968521.0;4
119783;"Holland, Savage Steve";13.2;23729407.0;2
119789;"Holland, Todd (I)";4.6;7514883.0;1
119790;"Holland, Tom (I)";23.6;96336922.0;4
120137;"Holofcener, Nicole";6.5;1277257.0;1
120386;"Honda, Ishirô";12.9;3137520.0;2
120629;"Hooks, Kevin";10.0;32729351.0;2
120635;"Hool, Lance";10.4;11029311.0;2
120667;"Hooper, Tobe";29.6;96600802.0;5
120744;"Hopkins, Anthony (I)";5.7;0.0;1
120751;"Hopkins, Billy (I)";5.4;0.0;1
120788;"Hopkins, Stephen (I)";41.5;332998766.0;7
120819;"Hopper, Dennis";18.3;62890676.0;3
121203;"Horton, Peter (I)";7.5;2568429.0;1
121340;"Hosoda, Mamoru";5.2;16643191.0;1
121422;"Hotaling, Arthur";0.0;0.0;1
121483;"Hough, John (I)";11.8;0.0;2
121794;"Howard, Ron (I)";78.4;1111376555.0;12
121944;"Howitt, Peter (II)";6.7;11883495.0;1
122283;"Huang, George (I)";7.0;376928.0;1
122298;"Huang, Jianxin";6.7;59945.0;1
122540;"Hudlin, Reginald (I)";16.2;165360000.0;3
122575;"Hudson, Hugh";18.8;62752836.0;3
122753;"Hughes, Albert (I)";20.4;52387724.0;3
122755;"Hughes, Allen";20.4;52387724.0;3
122772;"Hughes, Bronwen";10.9;120427501.0;2
122830;"Hughes, Howard (I)";5.6;0.0;1
122854;"Hughes, John (I)";29.2;155583056.0;4
122935;"Hughes, Terry (I)";5.0;9689816.0;1
123047;"Hulbert, Jack";5.6;0.0;1
123150;"Humberstone, H. Bruce";6.2;0.0;1
123299;"Hung, Tran Anh";7.2;82620.0;1
123342;"Hunt, Bonnie";6.6;32662299.0;1
123402;"Hunt, Peter R. (I)";11.6;93475793.0;2
123404;"Hunt, Pixote";12.5;104545258.0;2
123538;"Hunter, Tim (I)";13.1;7057651.0;2
123726;"Hurtz, William T.";7.0;1368000.0;1
123871;"Huston, Anjelica";13.4;140426.0;2
123878;"Huston, John (I)";67.7;27236118.0;9
124034;"Hutton, Brian G.";15.1;3781350.0;2
124080;"Huyck, Willard";4.3;37962774.0;1
124171;"Hyams, Peter";46.7;517893362.0;8
124313;"Hytner, Nicholas";26.1;68860704.0;4
124389;"Hänsel, Marion";6.6;3350.0;1
124773;"Ichaso, Leon";6.8;388730.0;1
124781;"Ichikawa, Kon";7.5;0.0;1
124932;"Iglesia, Álex de la";7.4;15324.0;1
125256;"Iliopulos, Aris";5.7;0.0;1
125290;"Illsley, Mark";6.1;1943649.0;1
125482;"Inagaki, Hiroshi (I)";7.6;0.0;1
126016;"Ireland, Dan";11.9;136933.0;2
126123;"Irvin, John";25.7;12092360.0;4
126246;"Isacsson, Kris";4.6;20035310.0;1
126294;"Iscove, Robert";10.6;87997509.0;2
126616;"Israel, Neal";6.0;38435947.0;1
126692;"Itami, Jûzô";7.6;0.0;1
126992;"Ivory, James";54.4;77214203.0;8
127081;"Iwerks, Ub";7.6;0.0;1
127413;"Jackson, George (III)";4.5;19281235.0;1
127519;"Jackson, Mick (I)";23.0;570088741.0;4
127537;"Jackson, Peter (I)";28.8;32650974.0;4
127600;"Jackson, Wilfred (I)";80.0;258503040.0;11
127673;"Jacobs, Alan (I)";5.4;189509.0;1
127938;"Jacquot, Benoît";20.2;607453.0;3
128040;"Jaffrey, Madhur";5.4;299351.0;1
128080;"Jaglom, Henry";24.8;2155072.0;4
128261;"Jakubowska, Wanda";0.0;0.0;1
128528;"James, Steve (II)";14.4;8362801.0;2
128558;"Jameson, Jerry";9.7;37000000.0;2
128805;"Jankel, Annabel";3.8;20915465.0;1
128840;"Jann, Michael Patrick";6.3;10561238.0;1
129113;"Jarmusch, Jim";51.7;18008615.0;7
129118;"Jarnow, Al";0.0;0.0;1
129138;"Jarre, Kevin";7.7;56505065.0;1
129163;"Jarrott, Charles";5.2;0.0;1
129452;"Jaynes, Brian T.";0.0;0.0;1
129492;"Jean, Vadim";3.4;0.0;1
129821;"Jenkins, Tamara";6.4;5480318.0;1
130253;"Jeunet, Jean-Pierre";21.5;164602873.0;3
130286;"Jewison, Norman";54.1;201078702.0;8
130716;"Joanou, Phil";12.6;13605823.0;2
130807;"Joffe, Mark (I)";12.7;3376403.0;2
130820;"Joffé, Roland";25.6;64067326.0;4
131292;"Johnson, Hugh (I)";4.9;11227940.0;1
131348;"Johnson, John (I)";4.7;0.0;1
131391;"Johnson, Kenneth (I)";2.7;1686429.0;1
131444;"Johnson, Mark Steven";6.7;18252684.0;1
131508;"Johnson, Olivia N.";0.0;0.0;1
131523;"Johnson, Patrick Read";6.3;4821759.0;1
131633;"Johnson, Tim (V)";6.6;152346554.0;1
131689;"Johnston, Aaron Kim";5.9;121548.0;1
131735;"Johnston, Joe (I)";32.2;486378018.0;5
131749;"Johnston, Lorimer";0.0;0.0;1
132318;"Jones, Kirk (III)";7.1;43515982.0;1
132520;"Jones, Terry (I)";16.5;1875321.0;2
132575;"Jong, Ate de";5.3;13878334.0;1
132635;"Jonze, Spike";7.8;22858926.0;1
132697;"Jordan, Glenn (I)";6.4;494534.0;1
132718;"Jordan, Kevin (I)";7.1;277233.0;1
132732;"Jordan, Neil (I)";47.2;341081989.0;7
133024;"Jost, Jon";6.5;142721.0;1
133216;"Joyce, Maurice (I)";5.0;19421271.0;1
133347;"Judge, Mike (I)";14.4;73896054.0;2
133361;"Judson, Stephen";7.1;127990128.0;1
133424;"Julian, Rupert";7.7;0.0;1
133605;"Junger, Gil";7.0;38176108.0;1
133692;"Juran, Nathan";7.1;0.0;1
134302;"Kagan, Jeremy";6.8;2135577.0;1
134374;"Kahn, Cédric";6.3;36666.0;1
134667;"Kalatozov, Mikhail";7.8;160697.0;1
134935;"Kalvert, Scott";7.1;2424439.0;1
135227;"Kampmann, Steven";6.5;7467504.0;1
135331;"Kandel, Linda (I)";4.9;0.0;1
135473;"Kanew, Jeff";5.9;20961747.0;1
135547;"Kanganis, Charles T.";5.0;1945552.0;1
135566;"Kanievska, Marek (I)";6.1;5658940.0;1
135781;"Kaplan, Betty (I)";5.0;19710.0;1
135790;"Kaplan, Deborah (I)";6.3;25339117.0;1
135809;"Kaplan, Jonathan (I)";11.0;25354750.0;2
135849;"Kaplan, Yvette";6.6;63071133.0;1
135976;"Kapur, Shekhar";14.8;64412738.0;2
136172;"Karaszewski, Larry";5.3;7027345.0;1
136407;"Karmel, Pip";6.1;565193.0;1
136658;"Kasdan, Jake";6.8;1980338.0;1
136660;"Kasdan, Lawrence";40.7;125865395.0;6
136807;"Kass, Sam Henry";5.7;0.0;1
136839;"Kassovitz, Mathieu";14.2;625231.0;2
136840;"Kassovitz, Peter";6.2;4956401.0;1
136870;"Kastner, Daphna";4.6;11147.0;1
136899;"Kaszubowski, Jerzy";6.6;0.0;1
137056;"Katsapetses, Nick";7.8;0.0;1
137226;"Katzenberg, Jeffrey";6.6;50802661.0;1
137231;"Katzin, Lee H.";6.9;104812.0;1
137338;"Kaufman, Lloyd";19.7;1156527.0;4
137348;"Kaufman, Philip (I)";21.3;94602077.0;3
137425;"Kaurismäki, Mika";11.4;0.0;2
137722;"Kay, Stephen (III)";10.5;19425829.0;2
137773;"Kaye, Tony (I)";8.6;23875127.0;1
137787;"Kayne, Marcus";7.0;0.0;1
137826;"Kazan, Elia";47.2;17600000.0;6
137907;"Keach, James";6.2;99318.0;1
137985;"Keating, David (I)";6.3;0.0;1
137999;"Keaton, Buster";29.3;61145.0;4
138000;"Keaton, Diane";11.0;59809285.0;2
138190;"Keeve, Douglas";6.1;2875086.0;1
138254;"Keighley, William";8.0;0.0;1
138302;"Keitel, John";6.4;0.0;1
138538;"Kelley, John Patrick";6.0;10082.0;1
138579;"Kellman, Barnet";4.5;34488.0;1
138597;"Kellogg, David";6.3;104653131.0;2
138603;"Kellogg, Ray (I)";6.3;1000000.0;2
138697;"Kelly, Gene (I)";15.9;0.0;2
138830;"Kelly, Sarah (I)";6.3;5659.0;1
138998;"Kempner, Aviva";7.4;1703901.0;1
139358;"Kent, Charles (I)";5.6;0.0;1
139411;"Kenton, Erle C.";17.8;0.0;3
139630;"Kernochan, Sarah";6.3;780471.0;1
139708;"Kerrigan, Justin";6.7;104257.0;1
139740;"Kershner, Irvin";20.4;603660269.0;3
139808;"Keshishian, Alek";11.8;35056189.0;2
139852;"Kessler, Bruce";5.6;0.0;1
139873;"Kessler, Stephen (I)";5.7;36429528.0;1
140673;"Kiarostami, Abbas";7.5;311873.0;1
140752;"Kidron, Beeban";12.6;48057274.0;2
140837;"Kiersch, Fritz";5.4;14568989.0;1
140850;"Kieslowski, Krzysztof";31.3;8833240.0;4
140898;"Kijak, Stephen";6.6;0.0;1
141967;"King, Henry (I)";19.6;0.0;3
142117;"King, Robert Lee";12.8;889680.0;2
142138;"King, Stephen (I)";5.1;7188513.0;1
142160;"King, Zalman";13.1;2990323.0;3
142263;"Kinney, Jack";48.2;48308690.0;7
142288;"Kinoshita, Keisuke";7.7;0.0;1
142318;"Kinski, Klaus";5.2;0.0;1
142542;"Kirkland, Boyd";7.6;5588699.0;1
142557;"Kirkman, Tim";6.8;16875.0;1
142830;"Kitano, Takeshi";7.8;233986.0;1
142886;"Kitrosser, Martin";4.5;0.0;1
142980;"Kizer, R.J.";5.8;4116395.0;1
143071;"Klapisch, Cédric";6.8;1652472.0;1
143399;"Kleiser, Randal";35.3;533141850.0;6
143689;"Kloves, Steve";12.9;26312527.0;2
144427;"Koch, Chris (I)";4.7;60008303.0;1
144478;"Koch, Ulrike";6.9;146437.0;1
144644;"Koepp, David";12.5;24727935.0;2
144965;"Kokkinos, Ana";6.2;378667.0;1
145141;"Koller, Xavier (I)";6.0;3337685.0;1
145244;"Komack, James";4.2;20500327.0;1
145348;"Kon, Satoshi";7.6;99389.0;1
145362;"Konchalovskiy, Andrey";7.2;7936012.0;1
145757;"Kopple, Barbara";14.5;695611.0;2
145860;"Korine, Harmony";6.1;80226.0;1
146213;"Koster, Henry";20.8;0.0;3
146286;"Kotcheff, Ted";25.4;181510603.0;4
146404;"Kouf, Jim (I)";6.2;5790448.0;1
146598;"Kovalyov, Igor";5.6;100491683.0;1
146895;"Kragh-Jacobsen, Søren";7.0;585016.0;1
147021;"Kramer, Stanley";23.0;70000000.0;3
147307;"Kreihsl, Michael";7.4;0.0;1
147610;"Krishnamma, Suri";6.6;95254.0;1
147654;"Krishtofovich, Vyacheslav";6.7;145443.0;1
147677;"Kristersson, Mikael";7.4;31673.0;1
147890;"Kroschel, Steve";5.5;0.0;1
147948;"Krueger, Lisa (I)";6.8;502313.0;1
148294;"Kubrick, Stanley (I)";96.5;559377381.0;12
148389;"Kuehn, Andrew J.";5.8;43155.0;1
148405;"Kuenster, Dan";6.3;27100027.0;1
148884;"Kumble, Roger";6.8;75902208.0;1
149249;"Kurosawa, Akira";32.6;134612.0;4
149311;"Kurtzman, Robert";5.4;15719109.0;1
149366;"Kusama, Karyn";6.7;1523941.0;1
149415;"Kusturica, Emir";24.0;628675.0;3
149557;"Kuzui, Fran Rubel";5.4;16624456.0;1
149633;"Kwapis, Ken";20.9;46137774.0;4
149661;"Kwietniowski, Richard";6.9;2542264.0;1
150080;"L'Ecuyer, John";5.1;0.0;1
150089;"L'Herbier, Marcel";6.9;0.0;1
150113;"La Bruce, Bruce";6.0;127251.0;1
150115;"La Cava, Gregory";8.0;0.0;1
150200;"La Villa, Marco";0.0;0.0;1
150201;"La Villa, Mauro";0.0;0.0;1
150377;"LaBute, Neil";19.7;34867909.0;3
150640;"Laemmle, Ernst";7.7;0.0;1
150683;"Lafia, John";5.3;35763605.0;1
150838;"LaGravenese, Richard";6.4;12902790.0;1
150884;"Lahiff, Craig";5.7;44630.0;1
151240;"Laloux, René";14.9;0.0;2
151314;"Lam, Ringo";11.3;60034914.0;2
151499;"Lambert, Mary (I)";20.3;79791728.0;4
151749;"Lamy, Benoît";5.3;0.0;1
151963;"Landis, John (I)";56.7;354771405.0;9
152211;"Lang, Fritz (I)";31.0;55312.0;4
152245;"Lang, Otto (I)";6.5;0.0;1
152273;"Lang, Walter (I)";14.4;21300000.0;2
152726;"Lapine, James";5.2;12440858.0;1
152938;"Larkin, Christopher (I)";6.6;0.0;1
153377;"Lasseter, John";23.4;1002107856.0;3
153965;"Laven, Arnold";6.1;0.0;1
154021;"Lavin, Julianna";5.2;0.0;1
154286;"Lawrence, Martin (I)";5.0;34746109.0;1
154406;"Lawton, J.F.";5.6;6607652.0;1
154648;"Le Borg, Reginald";5.4;0.0;1
154746;"Le Moine, Yvan";5.9;6499.0;1
154885;"Leader, Anton";6.0;0.0;1
154945;"Lean, David (I)";32.8;215021910.0;4
155237;"Leconte, Patrice";14.6;4212325.0;2
155280;"Leder, Mimi";11.8;422815376.0;2
155385;"Lee III, M. David";3.9;0.0;1
155392;"Lee Thompson, J.";42.3;65301992.0;7
155431;"Lee, Ang";36.4;150915136.0;5
155535;"Lee, Daniel (II)";5.9;12491455.0;1
155721;"Lee, Iara";13.7;138425.0;2
155963;"Lee, Malcolm D.";5.9;34074895.0;1
156083;"Lee, Rowland V.";7.1;0.0;1
156102;"Lee, Sang Hwa";0.0;0.0;1
156165;"Lee, Spike";90.5;264511925.0;14
156634;"Lehmann, Michael (I)";23.9;48537534.0;4
156791;"Leifer, Neil";0.0;0.0;1
156822;"Leigh, Mike (I)";29.9;23894393.0;4
156841;"Leighton, Eric (I)";6.3;354248063.0;1
156904;"Leisen, Mitchell";6.5;7000000.0;1
156982;"Leitzes, Jennifer";6.2;0.0;1
157027;"Leker, Larry";5.0;8620500.0;1
157045;"Leland, David (I)";6.1;146083.0;1
157070;"Lelouch, Claude";14.6;1035890.0;2
157193;"Lemmons, Kasi";7.0;14821531.0;1
157470;"Lenzi, Umberto";5.1;0.0;1
157481;"Leo, Malcolm";5.5;2091037.0;1
157523;"Leonard, Brett (I)";15.8;186249255.0;3
157575;"Leonard, Robert Z.";13.1;0.0;2
157634;"Leone, Sergio (I)";42.4;54243016.0;5
157643;"Leonetti, John R.";3.4;51376861.0;1
157661;"Leong, Po-Chih";6.1;21404.0;1
157725;"Lepage, Robert";6.9;575001.0;1
157875;"Lerner, Murray (I)";7.4;0.0;1
157914;"LeRoy, Mervyn";30.2;35992232.0;4
158089;"Lester, Mark L.";11.1;31045534.0;2
158093;"Lester, Richard (I)";31.9;160023451.0;5
158303;"Levant, Brian";17.1;548668454.0;4
158319;"Leven, Jeremy";6.6;66200000.0;1
158452;"Levin, Marc";11.7;1018239.0;2
158572;"Levinson, Barry (I)";85.8;1069121982.0;13
158595;"Levis, Paul";5.8;0.0;1
158692;"Levy, Edmond (I)";7.2;0.0;1
158716;"Levy, Jefery";5.6;63649.0;1
158773;"Levy, Shuki";2.8;8109349.0;1
158831;"Lewin, Albert";6.9;0.0;1
158966;"Lewis, Herschell Gordon";15.1;4000000.0;3
158989;"Lewis, Jerry (I)";6.6;0.0;1
159007;"Lewis, Joseph H.";14.2;0.0;2
159037;"Lewis, Mark (I)";3.4;3992809.0;1
159773;"Lieberman, Robert (I)";4.8;22936273.0;1
160008;"Lik, Val";3.9;103163.0;1
160252;"Lima, Kevin";13.6;483540416.0;2
160271;"Liman, Doug";14.5;21348225.0;2
160754;"Lindsay-Hogg, Michael";12.6;78168.0;2
160908;"Linklater, Richard";27.9;41373601.0;4
160965;"Linson, Art";6.5;6659377.0;1
161041;"Liotti, Ken";5.2;19381.0;1
161227;"Lisberger, Steven";6.7;26918576.0;1
161376;"Little, Dwight H.";21.7;128717750.0;4
161668;"Livingston, Jennie (I)";7.6;3779620.0;1
161871;"Llosa, Luis";9.7;307285767.0;2
161897;"Lloyd, Frank (I)";20.2;8000000.0;3
161972;"Lo, Chi Muoi";6.3;1315573.0;1
161997;"Lo, Susanna";8.1;0.0;1
162015;"Loach, Ken";22.3;588541.0;3
162398;"Logan, Bob (I)";7.0;1382462.0;2
162415;"Logan, Joshua (I)";21.6;58000000.0;3
162449;"Logothetis, Dimitri";2.7;0.0;1
162685;"Loncraine, Richard";7.4;2600000.0;1
162891;"Longo, Robert (I)";5.3;52400000.0;1
163303;"Lord, Peter (I)";7.1;106793915.0;1
163749;"Lounsbery, John";6.9;21215869.0;1
163979;"Low, Stephen (I)";6.3;15982846.0;1
164359;"Lubin, Arthur";6.9;0.0;1
164372;"Lubitsch, Ernst";32.0;2670996.0;4
164445;"Lucas, George (I)";22.8;1303316302.0;3
164591;"Lucidi, Maurizio";5.2;0.0;1
164694;"Ludwig, Edward";6.3;0.0;1
164789;"Luhrmann, Baz";13.8;58076750.0;2
164962;"Lumet, Sidney";76.3;225015949.0;11
165001;"Luna, Bigas";6.7;244465.0;1
165286;"Lupino, Ida";7.0;0.0;1
165341;"Lurie, Rod";13.3;22506394.0;2
165371;"Luske, Hamilton";71.4;201373210.0;10
165399;"Lustig, Dana";4.9;27000.0;1
165692;"Lynch, David (I)";52.5;85292316.0;7
165709;"Lynch, Jennifer Chambers (I)";4.2;1796389.0;1
165740;"Lynch, Paul (I)";5.2;14796236.0;1
165778;"Lyne, Adrian";30.5;688023619.0;5
165812;"Lynn, Jonathan (I)";37.7;215407716.0;6
165862;"Lyon, Francis D.";6.8;0.0;1
166330;"López, Temístocles";4.5;0.0;1
166385;"Löwenhielm, Pontus";6.0;0.0;1
166791;"MacDonald, David (I)";4.9;0.0;1
166806;"Macdonald, Hettie";7.5;1449934.0;1
166840;"MacDonald, Peter (I)";8.3;189015611.0;2
166921;"MacGillivray, Greg";7.1;127990128.0;1
166993;"Machatý, Gustav";7.7;0.0;1
167193;"Mackendrick, Alexander";7.6;28900000.0;1
167296;"MacKinnon, Gillies";18.6;4691560.0;3
167340;"Maclean, Alison";6.8;1282084.0;1
167452;"MacNaughton, Ian (I)";7.5;503841.0;1
167609;"Madden, John (I)";14.4;113759252.0;2
167634;"Maddin, Guy";6.9;0.0;1
168055;"Maggenti, Maria";5.9;1977544.0;1
168837;"Majidi, Majid";15.9;2735547.0;2
168981;"Makhmalbaf, Mohsen";6.8;273967.0;1
168983;"Makhmalbaf, Samira";7.1;116758.0;1
169006;"Makin, Kelly";17.1;41204279.0;3
169147;"Malaparte, Curzio";7.3;0.0;1
169349;"Malick, Terrence";23.4;85046749.0;3
169493;"Malle, Louis";28.8;14480591.0;4
169545;"Mallon, Jim";7.3;1004821.0;1
169615;"Malmuth, Bruce";6.3;2525360.0;1
169658;"Malone, Mark (I)";5.7;377108.0;1
169676;"Malone, William (I)";5.4;40846082.0;1
169820;"Mamet, David";14.0;13110786.0;2
169827;"Mamin, Yuri";6.9;255088.0;1
169847;"Mamoulian, Rouben";7.5;0.0;1
169943;"Manchevski, Milcho";7.8;763847.0;1
170040;"Mandel, Robert (I)";12.1;35302744.0;2
170094;"Mandoki, Luis";12.0;168901975.0;2
170235;"Mangold, James";21.0;113022422.0;3
170350;"Mankiewicz, Joseph L.";30.9;614677.0;4
170389;"Mann, Anthony (I)";35.7;0.0;5
170409;"Mann, Delbert (I)";7.7;0.0;1
170415;"Mann, Farhad";2.3;2200664.0;1
170452;"Mann, Michael (I)";23.9;310195768.0;3
170779;"Mantello, Joe";6.6;2874242.0;1
171117;"Marcarelli, Robert";3.3;12610552.0;1
171422;"Marcus, Mitch";4.7;0.0;1
171660;"Mariage, Benoît";6.7;5518.0;1
171761;"Marin, Edwin L.";14.0;0.0;2
172086;"Markle, Fletcher";7.1;0.0;1
172161;"Marks, Arthur";6.2;2054.0;1
172213;"Marks, Ross Kagan";5.4;0.0;1
172331;"Marois, Jean-Pierre";3.5;0.0;1
172392;"Marquand, Richard";14.8;515606177.0;2
172663;"Marsden, Joel B.";5.1;0.0;1
172775;"Marshall, Frank (I)";18.0;241889898.0;3
172779;"Marshall, Garry";43.5;753828516.0;8
172781;"Marshall, George (I)";12.5;0.0;2
172841;"Marshall, Penny (I)";38.2;372537373.0;6
173120;"Martin, Darnell";6.2;1777020.0;1
173285;"Martin, Lionel C.";4.7;13960203.0;1
173309;"Martin, Michael (V)";3.4;10305534.0;1
173364;"Martin, Richard (I)";4.1;10215386.0;1
173483;"Martineau, Jacques (I)";6.5;13936.0;1
173766;"Martino, Sergio";6.4;0.0;1
173879;"Marton, Andrew (I)";7.7;50000000.0;1
173999;"Martín, Eugenio (I)";6.4;0.0;1
174862;"Masson, Laetitia";6.8;0.0;1
174935;"Masterson, Peter (I)";7.4;7218340.0;1
175013;"Masuda, Toshio (I)";7.4;14500000.0;1
175281;"Mathias, Sean";7.1;372341.0;1
175733;"Matthau, Charles";6.5;493007.0;1
175792;"Matthews, Jon (IV)";6.6;1027119.0;1
175884;"Mattinson, Burny";7.1;38625550.0;1
175895;"Mattison, Sally";3.3;1242995.0;1
176471;"Maybury, John";6.5;343023.0;1
176503;"Mayer, Henry 'Hy'";0.0;0.0;1
176516;"Mayer, Max (I)";4.8;1432.0;1
176568;"Mayfield, Les";22.3;353615687.0;4
176634;"Mayo, Archie";6.9;0.0;1
176692;"Mayron, Melanie";5.2;9574155.0;1
176771;"Mazin, Craig";5.6;12996.0;1
176822;"Mazursky, Paul";5.6;2104000.0;1
177028;"McAnuff, Des";10.1;27161673.0;2
177106;"McBride, Jim (I)";5.5;19910002.0;1
177253;"McCanlies, Tim";6.5;565592.0;1
177288;"McCarey, Leo";29.5;0.0;4
177420;"McCartney, Paul";7.5;0.0;1
177716;"McCormick, Bret (I)";4.1;0.0;1
177892;"McCulloch, Bruce";9.5;30871074.0;2
177966;"McCutcheon, Wallace";0.0;0.0;1
178066;"McDonald, Bruce (I)";7.1;17012.0;1
178312;"McEveety, Bernard (II)";12.4;0.0;2
178314;"McEveety, Vincent";26.5;46000000.0;5
178409;"McGann, William C.";6.2;0.0;1
178478;"McGehee, Scott";6.5;102780.0;1
178655;"McGrath, Douglas";6.7;37801883.0;1
178746;"McGuigan, Paul (I)";6.1;142783.0;1
178842;"McHenry, Doug";10.8;40132756.0;2
179004;"McKay, Jim (I)";5.7;403311.0;1
179325;"McLachlan, Dee";4.4;479099.0;1
179335;"McLaglen, Andrew V.";12.8;0.0;2
179400;"McLaughlin, Sheila (I)";6.4;0.0;1
179534;"McLeod, Norman Z.";6.2;0.0;1
179557;"McLoughlin, Tom (I)";10.7;20953321.0;2
179747;"McNally, David (II)";5.4;113916474.0;1
179783;"McNamara, Sean (I)";2.4;308082.0;1
179786;"McNamara, Tom (I)";7.2;966878.0;1
179799;"McNaughton, John";27.0;30392147.0;4
179970;"McQuarrie, Christopher";6.6;13069740.0;1
180080;"McTiernan, John (I)";56.2;1164847302.0;8
180191;"Meador, Joshua";6.6;0.0;1
180207;"Meadows, Shane";6.9;271898.0;1
180285;"Meckler, Nancy";6.4;202167.0;1
180294;"Medak, Peter";18.0;30041145.0;3
180335;"Medem, Julio";7.6;504223.0;1
180602;"Megahey, Leslie";6.6;667078.0;1
180603;"Megahy, Francis";5.4;159969.0;1
180716;"Mehrez, Alan";4.4;684351.0;1
180888;"Meins, Gus";7.2;0.0;1
181129;"Melford, George";0.0;0.0;1
181195;"Melkonian, James";3.8;7557877.0;1
181459;"Menaul, Christopher";6.2;293274.0;1
181494;"Mendelsohn, Eric";6.9;467313.0;1
181508;"Mendeluk, George";8.7;2147228.0;2
181544;"Mendes, Sam (I)";8.5;356296601.0;1
181760;"Menges, Chris (I)";13.3;86115.0;2
181795;"Menkes, David";5.6;1066832.0;1
181796;"Menkes, Nina";3.6;0.0;1
181923;"Menzies, William Cameron";6.9;0.0;1
182046;"Merchant, Ismail";10.7;413000.0;2
182137;"Merendino, James";7.2;299200.0;1
182242;"Merlet, Agnès";6.7;377512.0;1
182558;"Messina, Philip Frank";5.9;0.0;1
182643;"Metcalfe, Tim (I)";6.2;65682.0;1
182696;"Metter, Alan";6.3;91258000.0;1
182752;"Metzger, Radley";4.8;0.0;1
182822;"Meyer Burnett, Robert";6.9;30193.0;1
182921;"Meyer, Nicholas";19.9;210875740.0;3
182942;"Meyer, Russ (I)";6.6;0.0;1
182999;"Meyers, Dave (I)";3.6;6026908.0;1
183021;"Meyers, Nancy";6.1;70804095.0;1
183066;"Meza, Eric";8.9;19281235.0;2
183239;"Michaels, Bret";3.8;0.0;1
183406;"Michelberger, Erwin";8.0;0.0;1
183421;"Michell, Roger (I)";14.4;368468405.0;2
183422;"Michell, Scott";5.4;0.0;1
183443;"Michener, David";7.1;38625550.0;1
183693;"Mignatti, Victor";6.4;0.0;1
183752;"Mihaileanu, Radu";7.5;154790.0;1
183775;"Mihalka, George";5.2;0.0;1
183873;"Mikhalkov, Nikita";7.8;2616503.0;1
184135;"Milestone, Lewis";29.0;0.0;4
184198;"Milius, John";12.9;104717475.0;2
184259;"Millard, Kathryn";0.0;0.0;1
184297;"Miller, Alan (I)";6.8;0.0;1
184331;"Miller, Bennett (I)";7.7;238434.0;1
184413;"Miller, David (I)";14.3;0.0;2
184465;"Miller, George (I)";15.0;40286178.0;3
184466;"Miller, George (II)";26.6;229961051.0;4
184488;"Miller, Harvey (I)";4.3;197322.0;1
184582;"Miller, Kurt (I)";7.5;2035470.0;1
184635;"Miller, Michael (I)";4.2;10054150.0;1
184676;"Miller, Paul (I)";4.4;3506206.0;1
184696;"Miller, Randall";10.7;41034130.0;2
184699;"Miller, Rebecca (I)";6.2;0.0;1
184710;"Miller, Robert Ellis (I)";4.4;0.0;1
184726;"Miller, Sam (I)";5.7;64359.0;1
184787;"Miller, Troy (I)";4.9;68760009.0;1
184861;"Milling, Bill";3.9;0.0;1
185309;"Miner, Steve (I)";43.1;330024815.0;8
185342;"Minghella, Anthony";20.3;316393984.0;3
185384;"Minkoff, Rob";14.2;1085593971.0;2
185400;"Minnelli, Vincente";48.9;26066000.0;7
185704;"Mirkin, David";5.9;29205077.0;1
186165;"Mitchell, Mike (VI)";5.6;65535067.0;1
186318;"Mitrevski, Darko";6.8;0.0;1
186386;"Mitterrand, Frédéric";6.9;0.0;1
186516;"Miyazaki, Hayao";8.4;150298191.0;1
186754;"Mock, Freida Lee";14.2;62186.0;2
187269;"Moland, Hans Petter";7.2;2535000.0;1
187455;"Moll, James";7.6;419762.0;1
187534;"Moloney, Darren (I)";3.3;1152375.0;1
187790;"Monger, Christopher";6.4;10904930.0;1
187868;"Monleón, Rafael";6.5;0.0;1
187987;"Montagna, Antonio";0.0;0.0;1
188017;"Montaldo, Giuliano";7.5;877534.0;1
188812;"Moore, Michael (II)";20.4;1337087.0;3
188926;"Moore, Tom (II)";7.0;384043.0;1
188940;"Moore, Tyler Wolfgang";0.0;0.0;1
188968;"Moorhouse, Jocelyn";11.8;31502542.0;2
189043;"Mora, Philippe";15.5;1919653.0;3
189093;"Morahan, Andrew";4.0;36800000.0;1
189360;"Mordillat, Gérard";7.2;0.0;1
189625;"Moreton, David";6.3;870751.0;1
189636;"Moretti, Nanni";7.0;472598.0;1
189652;"Morey, Larry";7.8;41634000.0;1
189871;"Morgen, Brett (I)";7.0;47074.0;1
190139;"Morneau, Louis";12.5;10149779.0;3
190281;"Morris, Errol";22.7;2537949.0;3
190552;"Morrissey, Paul (I)";6.0;0.0;1
190629;"Morse, Terry O.";5.8;0.0;1
190755;"Morton, Rocky";3.8;20915465.0;1
191112;"Mostow, Jonathan";6.5;127666415.0;1
191216;"Mottola, Greg";6.7;2084559.0;1
191479;"Moxey, John Llewellyn";6.8;0.0;1
191537;"Moyle, Allan";13.4;11845599.0;2
191991;"Mulcahy, Russell";12.8;44940441.0;2
192150;"Mulligan, Robert (I)";14.4;18324337.0;2
192156;"Mullin, Eugene";5.6;0.0;1
192209;"Mulroney, Brian (II)";6.6;63071133.0;1
192338;"Mungia, Lance";6.5;124494.0;1
192621;"Murch, Walter";6.6;11137801.0;1
192712;"Murlowski, John (I)";2.2;220198.0;1
192717;"Murnau, F.W.";8.0;0.0;1
192819;"Murphy, Geoff";16.4;111296493.0;3
193135;"Murray, Paul (III)";5.6;0.0;1
193246;"Musallam, Izidore K.";6.3;0.0;1
193328;"Muska, Susan";7.1;40999.0;1
193333;"Musker, John";29.5;905247314.0;4
193463;"Mutrux, Floyd";5.7;10000000.0;1
193526;"Muñiz, Ángel";6.6;984681.0;1
193711;"Myerson, Alan";3.9;19449527.0;1
193787;"Myrick, Daniel";6.3;248639099.0;1
193937;"Méliès, Georges";5.8;0.0;1
194201;"Müller, Ray (III)";7.7;449707.0;1
194787;"Nair, Mira";11.5;6941921.0;2
195047;"Nakano, Desmond";5.1;3760515.0;1
195164;"Nalluri, Bharat";4.6;0.0;1
195521;"Narizzano, Silvio";4.4;0.0;1
195780;"Natali, Vincenzo";7.4;489220.0;1
195978;"Nava, Gregory";19.0;58915851.0;3
196351;"Neame, Ronald";18.7;8664850.0;3
196576;"Negroponte, Michel";6.9;0.0;1
196583;"Negulesco, Jean";7.0;0.0;1
196638;"Neill, Roy William";6.4;0.0;1
196811;"Nelson, Gary (I)";22.4;68060960.0;4
196836;"Nelson, Jessie (I)";6.1;20160000.0;1
197117;"Nesheim, Berit";6.9;0.0;1
197327;"Neumann, Kurt (I)";23.3;3000000.0;4
197502;"Newby, Chris";6.8;0.0;1
197534;"Newell, Mike (I)";33.6;390874391.0;5
197643;"Newman, Paul (I)";7.1;0.0;1
197852;"Ngangura, Mweze";5.3;0.0;1
198029;"Niami, Ramin";3.9;7016.0;1
198038;"Nibbelink, Phil";11.9;31481617.0;2
198058;"Niccol, Andrew";7.8;15939633.0;1
198076;"Nichetti, Maurizio";7.2;503177.0;1
198095;"Nicholas, Gregor";6.4;476070.0;1
198151;"Nichols, Charles A.";6.8;0.0;1
198184;"Nichols, Mike (I)";60.3;615885127.0;9
198231;"Nicholson, Jack (I)";6.0;10005969.0;1
198260;"Nicholson, William";7.0;784419.0;1
198298;"Nickles, Michael A.";6.5;0.0;1
198401;"Nicolella, John";4.6;6086891.0;1
198711;"Nieves Conde, José Antonio";0.0;2684.0;1
198738;"Nigh, William";4.4;0.0;1
199043;"Nimoy, Leonard";19.4;224764606.0;3
199280;"Nispel, Marcus";6.1;107071655.0;1
199751;"Nolan, Christopher (I)";7.6;48482.0;1
199896;"Noonan, Chris";6.9;240700000.0;1
199906;"Noonan, Tom (I)";13.6;327482.0;2
199951;"Norbu, Khyentse";6.6;1067773.0;1
200079;"Norman, Leslie (I)";6.1;0.0;1
200094;"Norman, Richard E.";0.0;0.0;1
200149;"Norrington, Stephen";7.0;112601065.0;1
200150;"Norris, Aaron (I)";4.2;6193901.0;1
200260;"Norton, Bill L.";4.8;14276095.0;1
200270;"Norton, Edward (I)";6.4;37036404.0;1
200697;"Noyce, Phillip";37.6;745613099.0;6
200721;"Noé, Gaspar";7.3;54735.0;1
200780;"Nugent, Elliott";6.3;0.0;1
200882;"Nunez, Victor";13.8;10056173.0;2
200926;"Nuridsany, Claude";7.8;1573842.0;1
200981;"Nutter, David (I)";5.3;17411331.0;1
201065;"Nyby, Christian";7.3;0.0;1
201084;"Nygard, Roger (I)";6.9;318246.0;1
201349;"O'Brien, John (I)";7.4;1845.0;1
201462;"O'Connell, Jack (I)";0.0;0.0;1
201477;"O'Connell, Raoul";6.9;624573.0;1
201537;"O'Connor, Gavin (I)";6.4;1281176.0;1
201570;"O'Connor, Pat (I)";23.4;31730890.0;4
201633;"O'Donnell, Damien (I)";6.7;4170647.0;1
201712;"O'Fallon, Peter";6.9;1692872.0;1
201757;"O'Hagan, John";6.8;0.0;1
201818;"O'Haver, Tommy";6.7;2020700.0;1
202210;"O'Sullivan, Thaddeus";6.7;0.0;1
202269;"Oakley, Vern";5.6;0.0;1
202403;"Oblowitz, Michael";5.0;19906.0;1
202441;"Obrow, Jeffrey";5.2;2407024.0;1
202706;"Oedekerk, Steve";6.0;209300000.0;1
202808;"Ofteringer, Susanne";7.1;209951.0;1
202897;"Ogilvie, George";6.1;36230219.0;1
202933;"Ogrodnik, Mo";3.1;0.0;1
203354;"Okawara, Takao";5.7;10037390.0;1
203367;"Okazaki, Steven";7.7;0.0;1
203526;"Olafsdóttir, Gréta";7.1;40999.0;1
203615;"Oldman, Gary";7.2;0.0;1
203976;"Olivier, Laurence";7.8;0.0;1
204638;"Ophüls, Max";7.6;0.0;1
205014;"Orme, Stuart (I)";5.8;8638072.0;1
205129;"Orr, James (I)";4.5;40070995.0;1
205235;"Ortega, Kenny";12.6;42334198.0;2
205585;"Oshii, Mamoru";7.8;583393.0;1
205819;"Oswald, Gerd";7.7;50000000.0;1
205903;"Othenin-Girard, Dominique";4.8;11642254.0;1
205993;"Ottman, John";3.8;38574362.0;1
206452;"Oz, Frank";45.6;348608587.0;7
206521;"Ozon, François";13.3;99946.0;2
206531;"Ozpetek, Ferzan";6.8;655078.0;1
206673;"Pacheco, Joe (I)";7.2;0.0;1
206720;"Pacino, Al";7.1;1361420.0;1
207256;"Pakula, Alan J.";27.0;339339518.0;4
207795;"Paltrow, Bruce";5.8;4734235.0;1
207801;"Palud, Hervé";5.3;1000000.0;1
207904;"Panahi, Jafar";7.5;474047.0;1
208816;"Parello, Chuck";4.9;0.0;1
208912;"Paris, Jerry (I)";10.1;98084134.0;2
208963;"Parisot, Dean";12.0;81867042.0;2
209002;"Park, Cheol-su";6.7;0.0;1
209133;"Park, Nick (I)";39.4;106793915.0;5
209221;"Parker, Alan (I)";62.4;243844430.0;9
209364;"Parker, Oliver (I)";13.5;20648142.0;2
209403;"Parker, Trey (I)";13.7;58590312.0;2
209484;"Parks, Gordon";12.4;22121618.0;2
209654;"Parriott, James D.";5.4;4134992.0;1
209884;"Parés, Pablo";7.1;0.0;1
210027;"Paskaljevic, Goran";14.3;108103.0;2
210049;"Pasolini, Pier Paolo";7.8;0.0;1
210068;"Pasquin, John";10.9;249725026.0;2
210101;"Passer, Ivan";12.4;0.0;2
210248;"Pate, Jonas";6.5;572433.0;1
210249;"Pate, Josh";6.5;572433.0;1
210661;"Patton, Parris (I)";6.4;0.0;1
210747;"Paul, Don (I)";6.6;50802661.0;1
210799;"Paul, Steven (I)";5.0;0.0;1
210916;"Paur, Frank";7.6;5588699.0;1
210963;"Pavia, Mark";5.8;91549.0;1
211002;"Pavlou, George";4.4;0.0;1
211101;"Paxton, Michael";6.7;209244.0;1
211138;"Payne, Alexander (I)";14.1;15032711.0;2
211204;"Payson, John";5.1;4611624.0;1
211359;"Pearce, Perce";7.8;41634000.0;1
211360;"Pearce, Richard (I)";25.7;35615517.0;4
211555;"Peckinpah, Sam";15.6;638641.0;2
211829;"Peirce, Kimberly";7.5;11533945.0;1
212008;"Pellington, Mark";7.1;41067311.0;1
212245;"Penn, Arthur (I)";15.6;101559552.0;2
212259;"Penn, Sean (I)";6.3;832910.0;1
212272;"Pennebaker, D.A.";7.4;901668.0;1
212429;"Peploe, Clare";5.2;171979.0;1
212720;"Peretz, Jesse (I)";5.3;40542.0;1
212990;"Perkins, Anthony (I)";4.9;12808730.0;1
213321;"Perry, Dein";6.0;21172.0;1
213327;"Perry, Frank (I)";6.3;25032261.0;1
213365;"Perry, Nickolas";6.7;186675.0;1
213689;"Peters, Charlie (I)";6.4;0.0;1
213822;"Petersen, Wolfgang (I)";34.7;1089972204.0;5
213895;"Peterson, Kristine";4.4;0.0;1
214080;"Petrie Jr., Daniel";4.3;28864707.0;1
214082;"Petrie, Daniel";18.5;28904602.0;3
214084;"Petrie, Donald";27.2;160997172.0;5
215030;"Phillips, Todd (I)";13.7;68906536.0;2
215124;"Pialat, Maurice";6.5;0.0;1
215255;"Pichel, Irving";6.3;5000000.0;1
215462;"Pieplow, John";4.7;631221.0;1
215854;"Pillsbury, Sam";4.2;3519178.0;1
216202;"Pintilie, Lucian";6.8;65352.0;1
216303;"Piper, Brett";5.9;0.0;1
216582;"Pitre, Glen";6.4;1142243.0;1
216632;"Pittman, Bruce";5.1;2683519.0;1
216721;"Piznarski, Mark";4.7;10494147.0;1
216920;"Platt, Lucas";5.0;0.0;1
217163;"Plympton, Bill";6.7;203134.0;1
217237;"Podeswa, Jeremy";6.6;497091.0;1
217282;"Poe, Amos";3.7;20693.0;1
217299;"Poelvoorde, Benoît";7.5;205569.0;1
217437;"Poiré, Jean-Marie";6.7;98800000.0;1
217454;"Poitier, Sidney";6.1;0.0;1
217521;"Polanski, Roman";44.9;125362231.0;6
217575;"Poliakoff, Stephen";6.3;0.0;1
217610;"Polish, Michael";7.0;985341.0;1
217664;"Pollack, Jeff (I)";11.1;36096585.0;2
217673;"Pollack, Sharon";5.5;0.0;1
217675;"Pollack, Sydney";54.3;752170107.0;8
217798;"Polonsky, Abraham";7.4;0.0;1
217930;"Pompucci, Leone";7.1;0.0;1
218040;"Pons, Ventura";6.8;0.0;1
218108;"Pooh, DJ";3.2;9821335.0;1
218214;"Pope, Angela";13.2;131694.0;2
218240;"Pope, Tim (I)";4.2;25383659.0;1
218353;"Popovski, Aleksandar";6.8;0.0;1
218506;"Porten, Franz";5.6;0.0;1
218587;"Porter, William (I)";6.5;7467504.0;1
218785;"Post, Ted";26.0;62169482.0;4
218934;"Potter, Sally (I)";13.4;6316174.0;2
218940;"Potterton, Gerald";6.5;0.0;1
219182;"Powell, Michael (I)";7.7;83957.0;1
219401;"Pradal, Manuel";5.8;111765.0;1
219587;"Prasad, Udayan";13.5;408339.0;2
219686;"Pray, Doug";7.6;268520.0;1
219707;"Prechezer, Carl";5.0;0.0;1
219792;"Preminger, Otto";23.6;0.0;3
219877;"Pressman, Michael";11.3;82794458.0;2
219904;"Preston, Gaylene";8.1;0.0;1
220029;"Price, David (I)";3.8;4983565.0;1
220179;"Priestley, Jason";6.8;27714.0;1
220286;"Prince, Harold";7.0;0.0;1
220313;"Prince-Bythewood, Gina";6.8;27441122.0;1
220520;"Proft, Pat";5.7;9604029.0;1
220729;"Proyas, Alex";15.3;121200316.0;2
220961;"Puenzo, Luis";7.6;29426.0;1
221228;"Puopolo, L.A.";3.9;0.0;1
221521;"Pyne, Daniel";6.0;5985.0;1
221538;"Pytka, Joe";5.9;230418342.0;1
221541;"Pyun, Albert";3.2;37536.0;1
221608;"Pérennou, Marie";7.8;1573842.0;1
222048;"Quay, Stephen";7.0;0.0;1
222049;"Quay, Timothy";7.0;0.0;1
222247;"Quine, Richard (I)";11.2;2399109.0;2
222324;"Quinn, Paul (I)";6.7;1078737.0;1
222400;"Quintano, Gene";5.9;27979400.0;1
222850;"Radford, Michael (I)";13.0;8434524.0;2
222944;"Radomski, Eric";7.6;5588699.0;1
223078;"Rafelson, Bob";26.4;31374379.0;4
223394;"Raimi, Sam";27.7;91616695.0;4
223438;"Rainer, Yvonne";6.8;0.0;1
223676;"Rajski, Peggy";6.7;186675.0;1
224053;"Ramis, Harold";40.0;312083389.0;6
224293;"Ramseier, Peter";0.0;0.0;1
224478;"Randall, Addison (II)";4.9;0.0;1
224526;"Randel, Tony";6.2;11867397.0;1
224699;"Ransen, Mort";7.0;524963.0;1
224919;"Rappaport, Mark (I)";7.3;0.0;1
224927;"Rappeneau, Jean-Paul";14.4;7697199.0;2
224929;"Rapper, Irving";6.9;0.0;1
224980;"Rash, Steve";32.5;81107405.0;6
225236;"Ratliff, George (I)";6.4;0.0;1
225247;"Ratner, Brett";12.6;285454262.0;2
225444;"Ravich, Rand";5.1;10654581.0;1
225613;"Ray, Nicholas (I)";14.4;0.0;2
225624;"Ray, Sandip";7.4;0.0;1
225626;"Ray, Satyajit";23.8;722579.0;3
225751;"Raynr, David";10.0;17751906.0;2
226096;"Red, Eric";10.3;10243675.0;2
226103;"Red-Horse, Valerie";5.8;10508.0;1
226219;"Redford, Robert (I)";28.8;266700599.0;4
226333;"Reed, Carol (I)";15.8;40596349.0;2
226410;"Reed, Peyton (I)";5.8;90449929.0;1
226589;"Reeves, Matt (I)";4.8;5612586.0;1
226673;"Reggio, Godfrey";8.1;1723872.0;1
226970;"Reid, Tim (I)";6.9;3375000.0;1
227124;"Reiner, Carl";31.1;58662828.0;5
227131;"Reiner, Rob";70.2;580412465.0;10
227135;"Reinert, Al";8.1;770132.0;1
227289;"Reiss, Jon (I)";6.6;81000.0;1
227332;"Reitherman, Wolfgang";43.9;288524994.0;6
227338;"Reitman, Ivan";48.4;776984444.0;8
227647;"Renoir, Jean";8.1;172885.0;1
227725;"René, Norman";4.7;103351.0;1
227815;"Resnais, Alain";7.2;57033.0;1
227817;"Resnick, Adam";4.6;3662459.0;1
228322;"Reynolds, Kevin (I)";25.5;660514342.0;4
228356;"Reynolds, Scott (I)";12.7;1983.0;2
228463;"Rhee, Phillip";4.3;0.0;1
228534;"Rhodes, Michael Ray (I)";6.1;711872.0;1
228607;"Riba, Dan";7.6;5588699.0;1
228909;"Rich, David Lowell";4.1;13015688.0;1
228916;"Rich, John (I)";5.6;3000000.0;1
228919;"Rich, Matty";5.8;8880705.0;1
228922;"Rich, Richard";23.0;66573876.0;4
229127;"Richardson, Bryant Paul";0.0;0.0;1
229234;"Richardson, Tony (I)";13.2;53359465.0;2
229392;"Richter, W.D.";6.2;6227998.0;1
229447;"Rickman, Alan";6.9;776332.0;1
229758;"Rifkin, Adam";6.6;4193025.0;1
230007;"Rilla, Wolf";7.3;0.0;1
230270;"Ripoll, Maria";6.3;258464.0;1
230413;"Ritchie, Aileen";6.1;221898.0;1
230420;"Ritchie, Guy";8.2;3650677.0;1
230426;"Ritchie, Michael (I)";40.2;183948727.0;7
230445;"Ritt, Martin (I)";20.7;6782213.0;3
230882;"Roach, Jay";27.1;668799640.0;4
230972;"Robbins, Brian (I)";17.3;67888048.0;3
230993;"Robbins, Jerome";7.6;43656822.0;1
231018;"Robbins, Tim (I)";21.1;46404440.0;3
231099;"Robert, Vincent (IV)";3.1;0.0;1
231132;"Roberts, Bill (I)";43.0;312226930.0;6
231151;"Roberts, Chris (II)";3.8;11576087.0;1
231217;"Roberts, John (I)";6.2;27008669.0;1
231403;"Robertson, John S. (I)";7.1;927953.0;1
231577;"Robinson, Bruce (I)";13.8;12935368.0;2
231648;"Robinson, James F.";6.5;212267.0;1
231731;"Robinson, Phil Alden";14.5;115864625.0;2
231880;"Robson, Mark (I)";5.7;79700000.0;1
231950;"Rocco, Marc";7.1;17382000.0;1
232141;"Rocksavage, David";6.2;0.0;1
232145;"Rockwell, Alexandre";11.5;4301331.0;2
232274;"Rodgers, Mic";3.8;19912120.0;1
232620;"Rodriguez, Robert (I)";34.0;131287164.0;5
232934;"Roeg, Nicolas";14.3;0.0;2
232989;"Roessler, Rick";5.0;0.0;1
233072;"Rogers, Charley";7.2;0.0;1
233294;"Rohmer, Eric";21.4;2812160.0;3
233447;"Rola, Carlo";5.9;0.0;1
233547;"Rollin, Jean";5.7;0.0;1
233572;"Rolnick, Eric";6.3;0.0;1
233838;"Romero, George A. (I)";32.6;65688737.0;5
234026;"Rondeau, Charles R.";4.5;0.0;1
234098;"Roodt, Darrell";16.8;13062618.0;3
234159;"Roos, Don";6.4;5879254.0;1
234458;"Rose, Bernard";19.9;36498549.0;3
234677;"Rosen, Martin (I)";7.6;661696.0;1
234743;"Rosenberg, Craig";6.0;111106.0;1
234788;"Rosenberg, Stuart (I)";31.9;14124343.0;5
234853;"Rosenfeld, Seth Zvi";6.1;0.0;1
234930;"Rosenthal, Rick (I)";6.4;25533818.0;1
234989;"Rosi, Francesco";7.2;0.0;1
235071;"Ross, Benjamin (I)";6.9;749812.0;1
235132;"Ross, Gary (I)";7.5;40568025.0;1
235144;"Ross, Herbert (I)";32.6;224377505.0;5
235289;"Rossen, Robert";15.7;0.0;2
235425;"Rosson, Arthur";7.7;0.0;1
235576;"Roth, Tim (I)";7.3;254441.0;1
235580;"Roth, William (I)";6.2;5651.0;1
236355;"Rozema, Patricia";13.6;5958893.0;2
236420;"Ruane, John";6.4;0.0;1
236460;"Ruben, Joseph";18.4;55096745.0;3
236508;"Rubin, Bruce Joel";6.6;27484464.0;1
236563;"Rubinek, Saul";6.5;0.0;1
236571;"Rubino, John (I)";6.9;0.0;1
236779;"Rudolph, Alan (I)";27.3;24065618.0;5
236959;"Ruggles, Wesley";6.0;0.0;1
237158;"Ruiz, Raoul";18.2;564016.0;3
237400;"Rush, Richard (I)";4.9;19726050.0;1
237428;"Rusnak, Josef";6.8;11802224.0;1
237473;"Russell, Chuck (I)";23.8;658020660.0;4
237483;"Russell, David O.";20.2;76902772.0;3
237510;"Russell, Jay (I)";6.8;34099640.0;1
237529;"Russell, Ken (I)";11.8;1089102.0;2
237833;"Ruzowitzky, Stefan";12.8;202177.0;2
237887;"Ryan, Bill (V)";6.4;4960.0;1
238068;"Rydell, Mark";13.6;130775414.0;2
238145;"Rymer, Michael";12.4;14003141.0;2
238240;"Réa, Robert";0.0;0.0;1
238574;"Sabella, Paul";5.0;8620500.0;1
239051;"Sagal, Boris";6.6;0.0;1
239104;"Saget, Bob";6.2;9975684.0;1
239635;"Saks, Gene";21.2;75499248.0;3
240123;"Salisbury, James (I)";4.5;0.0;1
240176;"Salles, Walter";7.9;5595428.0;1
240297;"Salomon, Mikael";12.1;35310246.0;2
240375;"Salva, Victor";6.3;30862146.0;1
240429;"Salvatores, Gabriele";7.1;4532791.0;1
240474;"Salwen, Hal";6.7;168614.0;1
240713;"Samples, Keith";4.7;3247524.0;1
241190;"Sanders, Terry (I)";7.1;0.0;1
241227;"Sandgren, Åke";6.4;309117.0;1
241341;"Sandrich, Mark";30.1;3202000.0;4
241412;"Sanford, Arlene";10.2;33611632.0;2
241735;"Santell, Alfred";6.7;0.0;1
242030;"Santostefano, Damon";5.8;10544143.0;1
242208;"Sarafian, Deran";5.3;16478900.0;1
242209;"Sarafian, Richard C.";3.6;0.0;1
242345;"Sargent, Joseph (I)";19.2;6821271.0;3
242929;"Satterfield, Paul (I)";15.2;293363371.0;2
243128;"Saura, Carlos";20.2;2754465.0;3
243149;"Sautet, Claude";7.2;858345.0;1
243329;"Saville, Philip";6.3;299463.0;1
243331;"Saville, Victor";6.5;0.0;1
243364;"Savoca, Nancy";5.6;109148.0;1
243574;"Sayles, John (I)";50.6;30511967.0;7
243607;"Saïa, Louis";6.7;4602341.0;1
243956;"Schaeffer, Eric";14.7;4645182.0;3
244016;"Schaffner, Franklin J.";31.0;166567000.0;4
244130;"Schatzberg, Jerry";5.3;4994094.0;1
244218;"Scheffmann, Dorthe";7.0;0.0;1
244267;"Scheinman, Andrew";5.8;12211068.0;1
244351;"Schenkel, Carl (I)";3.8;2147114.0;1
244358;"Schenkman, Richard";11.9;15970.0;2
244369;"Schepisi, Fred";25.1;48134010.0;4
244424;"Schertzinger, Victor";6.1;0.0;1
244599;"Schiller, Greta";7.7;44774.0;1
244757;"Schlaich, Frieder";7.1;0.0;1
244760;"Schlamme, Thomas (I)";12.3;21770184.0;2
244827;"Schlesinger, John (I)";50.9;186463264.0;8
244913;"Schlöndorff, Volker";20.2;6484313.0;3
244964;"Schmid, Daniel (I)";6.3;0.0;1
245153;"Schmidt, Rob (I)";5.5;26394.0;1
245301;"Schnabel, Julian";6.7;2961991.0;1
245549;"Schoedsack, Ernest B.";14.9;1700000.0;2
245774;"Schrader, Paul (I)";37.1;45894808.0;6
245889;"Schroeder, Barbet";24.0;94057961.0;4
246101;"Schulman, Tom";5.0;3559990.0;1
246128;"Schultz, Carl (I)";5.8;18875011.0;1
246148;"Schultz, John (I)";5.2;22593409.0;1
246155;"Schultz, Michael (I)";5.7;6622753.0;1
246268;"Schumacher, Joel";68.1;1050742111.0;11
246326;"Schuster, Harold D.";7.1;0.0;1
246553;"Schwartz, Stefan (I)";6.4;302204.0;1
246727;"Schwietert, Stefan (I)";7.9;0.0;1
246973;"Scorsese, Martin";76.4;465930244.0;10
247043;"Scott, Campbell";7.2;11881039.0;1
247069;"Scott, Darin";4.8;6724217.0;1
247127;"Scott, Jake (I)";6.1;474900.0;1
247220;"Scott, Oz";5.7;6622753.0;1
247236;"Scott, Ridley";57.0;850901361.0;8
247289;"Scott, Tony (I)";46.8;815273751.0;7
247344;"Scribner, George";6.5;73450885.0;1
247513;"Sears, Fred F.";6.2;0.0;1
247530;"Seaton, George (I)";14.3;103139150.0;2
247690;"Sedgwick, Edward";7.7;0.0;1
247704;"Sedlar, Jakov";5.2;381804.0;1
247850;"Segal, Peter";23.6;267734531.0;4
247984;"Sehr, Peter";6.7;0.0;1
248019;"Seidelman, Susan";10.6;42750005.0;2
248121;"Seiter, William A.";7.0;0.0;1
248140;"Seitzman, Michael";5.1;0.0;1
248272;"Selick, Henry";14.7;29043390.0;2
248335;"Sellars, Peter";6.6;0.0;1
248363;"Sellers, Peter (I)";4.4;2399109.0;1
248405;"Seltzer, David (I)";6.6;7946345.0;1
248447;"Selznick, David O.";6.9;0.0;1
248492;"Semler, Dean";4.4;8041665.0;1
248589;"Sena, Dominic";6.6;2395231.0;1
248941;"Sereny, Eva";5.6;113727.0;1
249737;"Shadyac, Tom";25.3;632927348.0;4
249746;"Shafer, Dirk (I)";5.6;0.0;1
250123;"Shaner, Peter";4.3;0.0;1
250260;"Shapiro, Alan (I)";10.3;33657111.0;2
250526;"Sharman, Jim";7.2;139876417.0;1
250638;"Sharpsteen, Ben";30.5;85860930.0;4
250665;"Shatner, William";5.2;70210000.0;1
250889;"Shea, Katt";9.4;21986891.0;2
251181;"Shelly, Adrienne";6.1;0.0;1
251214;"Shelton, Millicent";4.2;5476059.0;1
251217;"Shelton, Ron";31.2;212477322.0;5
251312;"Shepard, Richard (I)";6.0;0.0;1
251473;"Sheridan, Jim (I)";15.9;80540253.0;2
251527;"Sherman, Cindy";4.7;37446.0;1
251536;"Sherman, Gary (I)";4.2;14114488.0;1
251550;"Sherman, Jon (II)";4.8;0.0;1
252075;"Shin, Nelson (I)";7.1;5706456.0;1
252439;"Sholder, Jack";12.0;32808321.0;2
252502;"Shore, Simon (I)";7.4;1152411.0;1
252775;"Shum, Mina";7.0;759393.0;1
252879;"Shyamalan, M. Night";14.0;673064504.0;2
252882;"Shyer, Charles";10.6;107400194.0;2
252986;"Sichel, Alex";6.5;150646.0;1
253101;"Sidney, George (II)";13.7;0.0;2
253186;"Siegel, David (III)";6.5;102780.0;1
253187;"Siegel, Don";14.4;0.0;2
253379;"Signorelli, James";5.9;29309766.0;1
253495;"Silber, Rolf";6.9;0.0;1
253505;"Silberling, Brad";12.3;468374117.0;2
253552;"Silk, Lawrence";7.7;269823.0;1
253795;"Silver, Scott (I)";10.0;13310839.0;2
253828;"Silverman, David (I)";6.6;50802661.0;1
253870;"Silverstein, Elliot";6.8;20666667.0;1
254160;"Simon, Adam (I)";3.3;1152375.0;1
254719;"Sindell, Gerald Seth";3.6;0.0;1
254763;"Singer, Bryan";28.0;167258655.0;4
254988;"Singh, Tarsem";6.2;104155843.0;1
255028;"Singleton, John (I)";24.2;186107501.0;4
255033;"Singleton, Ralph S.";4.3;11582891.0;1
255076;"Sinise, Gary";7.5;5101632.0;1
255106;"Sinofsky, Bruce";8.2;0.0;1
255120;"Sinyor, Gary";11.2;21799751.0;2
255127;"Siodmak, Robert";20.8;0.0;3
255144;"Sipes, Andrew (I)";3.9;11534477.0;1
255239;"Sirk, Douglas";6.9;0.0;1
255349;"Sitch, Rob";7.5;861789.0;1
255428;"Sivan, Santosh";8.1;0.0;1
255514;"Sjöström, Victor";7.6;0.0;1
255709;"Skjoldbjærg, Erik";7.3;221173.0;1
255779;"Skoog, Susan";6.0;307037.0;1
255962;"Slade, Tim";6.4;0.0;1
256129;"Sletaune, Pål";6.7;725667.0;1
256177;"Sloan, Brian (I)";6.9;624573.0;1
256188;"Sloan, Holly Goldberg";5.1;17725500.0;1
256455;"Smight, Jack";5.3;47285152.0;1
256688;"Smith, Charles Martin";10.0;29923158.0;2
256694;"Smith, Chris (II)";7.7;1160426.0;1
257011;"Smith, John N.";12.2;177900000.0;2
257078;"Smith, Kevin (I)";29.5;47931627.0;4
257202;"Smith, Mel (I)";11.8;229297716.0;2
257569;"Smith, Winchell";6.2;0.0;1
257600;"Smithee, Alan";16.6;16859884.0;4
257754;"Sneider, Roberto";6.9;0.0;1
258028;"Soavi, Michele";7.2;253969.0;1
258118;"Soderbergh, Steven";42.5;324597426.0;6
258197;"Softley, Iain";19.4;27674984.0;3
258317;"Sokurov, Aleksandr";7.4;0.0;1
258404;"Solberg, Helena";7.5;0.0;1
258438;"Sole, Alfred";6.3;0.0;1
258646;"Solondz, Todd";15.0;7175455.0;2
258680;"Solt, Andrew (I)";5.5;2091037.0;1
258859;"Sommers, Stephen";18.5;471422771.0;3
259016;"Sonneborn, Barbara";7.1;22627.0;1
259027;"Sonnenfeld, Barry";37.6;1044348505.0;6
259746;"Spacey, Kevin";6.0;326308.0;1
260037;"Speek, Peter";7.5;2035470.0;1
260077;"Speiser, Aaron";6.0;0.0;1
260120;"Spence, Richard (I)";6.8;211048.0;1
260276;"Spheeris, Penelope";43.6;324680678.0;7
260285;"Spicer, Bryan";13.9;73906212.0;3
260322;"Spielberg, Steven";108.1;5520276631.0;14
260343;"Spiers, Bob (I)";3.0;55947405.0;1
260453;"Spirer, Peter";6.9;1591687.0;1
260603;"Spottiswoode, Roger";15.6;434675879.0;3
260639;"Sprecher, Jill";6.1;444354.0;1
260665;"Springall, Alejandro";6.7;12131.0;1
261302;"Stallone, Sylvester";19.7;501484388.0;3
261563;"Stanley, Richard (I)";4.3;42000000.0;1
261605;"Stanton, Andrew (I)";7.2;162792677.0;1
262371;"Stein, Darren";5.0;3071947.0;1
262527;"Steiner, Ralph (I)";6.6;0.0;1
262584;"Steinmann, Danny";4.3;20674880.0;1
262657;"Stembridge, Gerard";6.0;151559.0;1
262970;"Stern, James D.";5.5;9268.0;1
263024;"Stern, Steven Hilliard";4.8;16000000.0;1
263128;"Stevens, Art (I)";14.0;44772857.0;2
263139;"Stevens, Carter";6.9;0.0;1
263166;"Stevens, George (I)";42.9;20169928.0;6
263287;"Stevenson, Robert (I)";84.2;179673270.0;13
263659;"Stiller, Ben";12.3;121682557.0;2
263674;"Stillman, Whit";20.3;13192478.0;3
264132;"Stone, Julian (II)";8.2;0.0;1
264169;"Stone, Oliver (I)";57.6;530420027.0;8
264257;"Stopkewich, Lynne";6.3;465417.0;1
264261;"Stoppard, Tom";7.4;739104.0;1
264810;"Streisand, Barbra";12.6;147840027.0;2
264820;"Streitfeld, Susan";5.5;883973.0;1
264855;"Strick, Wesley";4.9;5780000.0;1
264990;"Strom, Yale";8.4;0.0;1
265208;"Stuart, Jeb (I)";6.2;6482195.0;1
265215;"Stuart, Mel";7.8;4000000.0;1
265382;"Sturges, John";23.0;0.0;3
265383;"Sturges, Preston";23.7;0.0;3
265413;"Sturridge, Charles";6.2;14036249.0;1
265453;"Styles, Eric (I)";6.1;7680.0;1
265479;"Styron, Susanna";6.3;20167.0;1
265635;"Subiela, Eliseo";7.5;725000.0;1
266058;"Sullivan, Daniel J. (III)";5.9;56221.0;1
266096;"Sullivan, John F.";5.6;329.0;1
266106;"Sullivan, Kevin Rodney";5.1;37672350.0;1
266162;"Sullivan, Tim (III)";6.3;218626.0;1
266523;"Suo, Masayuki";7.6;9676677.0;1
266631;"Surjik, Stephen";5.9;47965900.0;1
266780;"Sutherland, Kiefer";6.1;54154.0;1
267081;"Svankmajer, Jan";7.3;0.0;1
267170;"Sverák, Jan";7.6;5730711.0;1
267304;"Swanbeck, John";6.4;3150107.0;1
267451;"Sweeney, Julia";6.9;52324.0;1
267568;"Swift, David (II)";13.9;25150385.0;2
267791;"Symmons, E.F.";0.0;0.0;1
267880;"Szabó, István (I)";15.0;5384800.0;2
268114;"Szwarc, Jeannot";22.2;246913291.0;4
268197;"Sáez, Hernán";7.1;0.0;1
268283;"Sánchez, Eduardo (II)";6.3;248639099.0;1
268679;"Tabío, Juan Carlos";14.0;2832283.0;2
268746;"Tadeo, Julio";0.0;0.0;1
269172;"Takamoto, Iwao";6.8;0.0;1
269400;"Takács, Tibor (I)";9.9;15572431.0;2
269416;"Talalay, Rachel";9.5;41468327.0;2
269513;"Talkington, C.M.";5.7;0.0;1
269545;"Talmadge, Richard";2.5;0.0;1
269613;"Tamahori, Lee";20.8;36281014.0;3
270161;"Tanner, Alain";7.1;0.0;1
270309;"Taplitz, Daniel";5.5;488419.0;1
270370;"Tarantino, Quentin";31.4;293564696.0;4
270453;"Tarkovsky, Andrei";24.0;0.0;3
270463;"Tarlov, Mark";4.9;4394936.0;1
270587;"Tashlin, Frank";6.3;0.0;1
270707;"Tatoulis, John";4.7;19998.0;1
270731;"Tatò, Anna Maria";7.3;9829.0;1
270776;"Taurog, Norman";19.5;25232685.0;3
270847;"Tavernier, Bertrand";7.5;0.0;1
271025;"Taylor, Don (I)";12.3;16180880.0;2
271051;"Taylor, Finn";6.5;464655.0;1
271249;"Taylor, Renée (I)";4.9;32925.0;1
271281;"Taylor, Sam (I)";7.4;1027757.0;1
271339;"Taymor, Julie";7.1;1921350.0;1
271375;"Tcherny, Oleg";8.0;0.0;1
271407;"Teague, Lewis (I)";23.6;99806064.0;4
271760;"Temple, Julien";7.5;606643.0;1
271865;"Tennant, Andy (I)";24.2;272868758.0;4
272201;"Teshigahara, Hiroshi";8.2;0.0;1
273029;"Thomas, Betty (I)";23.2;411129691.0;4
273045;"Thomas, Caroline (II)";5.1;0.0;1
273335;"Thomas, Theodore (I)";7.4;0.0;1
273452;"Thompson, Brett (I)";6.9;0.0;1
273467;"Thompson, Caroline (I)";11.0;14635458.0;2
273950;"Thornton, Billy Bob";8.0;24475416.0;1
274002;"Thorpe, Richard (I)";0.0;0.0;1
274227;"Tibaldi, Antonio (I)";6.3;0.0;1
274494;"Tillman Jr., George";6.4;43490057.0;1
274502;"Tillman, Lynne";6.4;0.0;1
274556;"Timm, Bruce W.";7.6;5588699.0;1
274664;"Ting, Emily (I)";5.1;0.0;1
274699;"Tinnell, Robert";5.0;144795.0;1
274935;"Tlatli, Moufida";7.1;0.0;1
274955;"Toback, James";5.5;1950218.0;1
275198;"Tognazzi, Ricky";6.8;147394.0;1
275252;"Tokar, Norman";24.6;0.0;4
275373;"Tolkin, Michael";12.2;1522618.0;2
275755;"Tong, Stanley (I)";29.5;93191132.0;5
276032;"Tornatore, Giuseppe";14.9;375924.0;2
276214;"Torres, Fina (I)";5.0;5018450.0;1
276551;"Tourneur, Jacques";8.1;0.0;1
276654;"Towne, Robert";12.7;42069974.0;2
276710;"Townsend, Robert (I)";3.3;7240837.0;1
276747;"Toye, Patrice";7.0;9579.0;1
277425;"Treut, Monika";6.0;6002.0;1
277767;"Troche, Rose";11.8;2424770.0;2
277909;"Trousdale, Gary";14.7;532600000.0;2
278002;"Trueba, Fernando";5.1;592871.0;1
278021;"Truffaut, François";15.9;39663.0;2
278193;"Tsai, Ming-liang";7.3;0.0;1
278226;"Tsang, Eric (I)";6.8;4611023.0;1
278493;"Tsui, Hark";15.0;100470768.0;3
278538;"Tsukamoto, Shin'ya";13.2;2550.0;2
278671;"Tucci, Stanley (I)";19.8;14720077.0;3
278697;"Tucker, Anand";7.1;4874838.0;1
279334;"Turner, Paul (I)";6.7;0.0;1
279344;"Turner, Richard (V)";0.0;0.0;1
279430;"Turteltaub, Jon";31.7;496843210.0;5
279438;"Turturro, John";6.1;836641.0;1
279609;"Twohy, David";13.3;67236031.0;2
279661;"Tykwer, Tom";7.8;7267324.0;1
279859;"Téchiné, André";27.5;3116181.0;4
280348;"Ulmer, Edgar G.";11.2;0.0;2
280494;"Underwood, Ron (I)";17.6;87874224.0;3
280572;"Unkrich, Lee";7.9;485015179.0;1
280968;"Usher, Kinka";5.9;29655590.0;1
281106;"Uys, Jamie";13.5;34649909.0;2
281227;"Vadim, Roger";22.5;5335524.0;4
281485;"Valdez, Luis (I)";6.6;54215416.0;1
281547;"Vale, Travers";7.0;0.0;1
281779;"Valinsky, Tina";5.3;880.0;1
282151;"Van Damme, Jean-Claude";5.1;57400547.0;1
282473;"Van Dormael, Jaco";7.3;328452.0;1
282502;"Van Dyke, W.S.";8.0;0.0;1
282704;"Van Lawick, Hugo";6.9;419038.0;1
282892;"Van Sant, Gus";37.9;285663387.0;6
282937;"Van Taylor, David";6.8;48522.0;1
282997;"van Walsum, Abi";7.3;0.0;1
283396;"Varda, Agnès";22.8;0.0;3
284158;"Veber, Francis";7.6;4065116.0;1
284567;"Veloz, David (I)";6.1;1166199.0;1
284886;"Verbinski, Gore";6.2;111834214.0;1
285050;"Verhoeven, Michael";6.9;0.0;1
285051;"Verhoeven, Paul (I)";38.9;1015959478.0;6
285174;"Verneuil, Henri";7.3;88767.0;1
285213;"Vernoux, Marion";6.3;0.0;1
285218;"Verona, Stephen";5.7;0.0;1
285225;"Verow, Todd";5.2;0.0;1
285764;"Vidor, Charles";13.8;0.0;2
285767;"Vidor, King";21.1;14792232.0;3
285911;"Vigne, Daniel";7.3;2382482.0;1
286463;"Vilsmaier, Joseph";26.7;557676.0;4
286512;"Vincent, Christian (I)";7.0;57953.0;1
286659;"Vinterberg, Thomas";8.0;1647780.0;1
286731;"Virgien, Norton";5.6;100491683.0;1
286740;"Virgo, Clement";6.0;0.0;1
286890;"Vitale, Tony (I)";5.7;1828284.0;1
286906;"Vitello, Art";6.5;36755000.0;1
287198;"Vogel, Virgil W.";4.4;0.0;1
287449;"von Alberti, Irene";7.1;0.0;1
287564;"von Garnier, Katja";5.9;24187.0;1
287633;"von Krusenstjerna, Patrick";6.0;0.0;1
287717;"von Scherler Mayer, Daisy";15.6;38267242.0;3
287748;"von Sternberg, Josef";29.0;77982.0;4
287778;"von Trier, Lars";22.3;44079805.0;3
287780;"von Trotta, Margarethe";6.7;91145.0;1
287967;"Voss, Kurt";5.7;177840.0;1
288437;"Wachowski, Andy";16.1;378878462.0;2
288438;"Wachowski, Lana";16.1;378878462.0;2
288638;"Waggner, George";7.3;0.0;1
288883;"Wainwright, Rupert";17.3;80619701.0;3
288988;"Walas, Chris";4.7;20021322.0;1
289358;"Walker, Rob (I)";5.6;8406.0;1
289553;"Wallace, Tommy Lee";9.8;15811230.0;2
289590;"Waller, Anthony (I)";11.6;27725865.0;2
289805;"Walsh, John (IV)";6.1;0.0;1
289841;"Walsh, Raoul";14.1;0.0;2
290011;"Walton, Fred (II)";5.9;12543892.0;1
290097;"Wanamaker, Sam";6.1;0.0;1
290194;"Wang, Harvey (I)";6.5;1275999.0;1
290310;"Wang, Wayne";33.2;63335370.0;5
290440;"Warchus, Matthew";4.3;902144.0;1
290492;"Ward, David S.";11.7;60557778.0;2
290496;"Ward, Donal Lardner";4.3;5797.0;1
290612;"Ward, Vincent (I)";13.5;72818422.0;2
290695;"Wargnier, Régis";13.9;8509752.0;2
290764;"Warner, Deborah (I)";6.0;469974.0;1
290796;"Warner, Paul (I)";5.4;30000000.0;1
290877;"Warren, Jennifer (I)";5.1;73956.0;1
290883;"Warren, John (II)";4.2;3551208.0;1
291315;"Waters, John (I)";31.2;19040035.0;5
291323;"Waters, Mark (VIII)";6.4;617403.0;1
291677;"Waxman, Keoni";4.3;0.0;1
291700;"Wayans, Keenen Ivory";11.5;307412189.0;2
292153;"Weck, Peter";5.8;0.0;1
292450;"Weiland, Paul";12.2;43594948.0;2
292674;"Weir, Peter (I)";51.6;572064760.0;7
292683;"Weis, Don";3.6;0.0;1
292753;"Weisman, Sam (I)";21.7;260706642.0;4
292899;"Weisz, Frans";7.3;0.0;1
292909;"Weitz, Chris";7.0;235483004.0;1
292913;"Weitz, Paul (I)";7.0;235483004.0;1
293054;"Welles, Mel";6.3;0.0;1
293055;"Welles, Orson";24.4;3378428.0;3
293085;"Wellman, William A.";28.7;0.0;4
293099;"Wells, Audrey (I)";5.8;614202.0;1
293168;"Wells, Simon (I)";25.5;261363555.0;4
293280;"Wenders, Wim";42.4;14815011.0;6
293413;"Werker, Alfred L.";7.2;0.0;1
293515;"Wertmüller, Lina";21.7;1113435.0;3
293693;"West, Roland";6.4;0.0;1
293703;"West, Simon (I)";12.8;325778089.0;2
293958;"Wexler, Tanya (I)";6.3;26909.0;1
293997;"Whale, James (I)";23.6;12000000.0;3
294018;"Whaley, Frank";6.5;59014.0;1
294099;"Wheeler, Anne";6.0;2011254.0;1
294206;"Wherrett, Richard";4.2;0.0;1
294249;"Whitaker, Forest";10.6;148285936.0;2
294684;"Whitesell, John (I)";4.7;2501113.0;1
294759;"Whitmore II, Preston A.";4.5;6014340.0;1
294974;"Wicki, Bernhard";7.7;50000000.0;1
295005;"Widen, Gregory";6.5;16115878.0;1
295011;"Widerberg, Bo";6.8;1939000.0;1
295073;"Wiederhorn, Ken";3.2;5410972.0;1
295332;"Wilbur, Crane";5.8;0.0;1
295352;"Wilcox, Fred M.";7.7;3250000.0;1
295426;"Wilder, Billy";80.6;100000000.0;10
295434;"Wilder, Gene";5.0;7348798.0;1
295459;"Wilding, Gavin (I)";5.5;0.0;1
295495;"Wiley, Ethan";5.1;7800000.0;1
295588;"Wilkes, Rich";5.3;0.0;1
296071;"Williams, Hype";4.9;9630169.0;1
296234;"Williams, Matt (II)";6.5;33771174.0;1
296303;"Williams, Paul (I)";5.2;0.0;1
296446;"Williams, Tod (I)";6.6;100041.0;1
296516;"Williamson, Fred";5.5;3014000.0;1
296531;"Williamson, Kevin (I)";5.1;8946237.0;1
296617;"Willis, Gordon (I)";4.4;0.0;1
296701;"Wills, J. Elder";12.5;0.0;2
296781;"Wilson, Andy (IV)";5.5;4052347.0;1
296906;"Wilson, Frank (I)";0.0;0.0;1
296930;"Wilson, Hugh (I)";26.9;250124965.0;5
296957;"Wilson, Jim (I)";10.1;452384.0;2
297253;"Winant, Scott (I)";4.4;3478370.0;1
297265;"Wincer, Simon";20.1;212520787.0;4
297358;"Winer, Harry";5.4;6970578.0;1
297381;"Winfrey, Jonathan";2.5;0.0;1
297426;"Winick, Gary (I)";12.3;283098.0;2
297459;"Winkler, Irwin";11.4;132954212.0;2
297504;"Winner, Michael";24.5;83945171.0;4
297510;"Winning, David (I)";2.8;8109349.0;1
297566;"Winston, Stan";6.0;4385516.0;1
297628;"Winterbottom, Michael";33.9;1158387.0;5
297767;"Wise, Kirk";14.7;532600000.0;2
297774;"Wise, Robert (I)";57.6;183313990.0;8
297869;"Witcher, Theodore";6.9;12514138.0;1
297918;"Witney, William";6.7;0.0;1
298401;"Wolfond, Henry";5.0;0.0;1
298471;"Wolodarsky, Wallace";6.3;0.0;1
298619;"Wong, James (IV)";6.7;53302314.0;1
298646;"Wong, Kar Wai";22.5;862996.0;3
298652;"Wong, Kirk";5.9;27052167.0;1
298771;"Woo, John (I)";40.8;1019339525.0;6
298793;"Wood Jr., Edward D. (I)";14.2;0.0;4
298935;"Wood, Sam (I)";29.8;390500000.0;4
299019;"Woodhead, Leslie";6.1;229128.0;1
299207;"Wool, Abbe";6.3;157645.0;1
299429;"Wortmann, Sönke";10.6;16969195.0;2
299611;"Wright, Geoffrey (I)";6.8;175340.0;1
299697;"Wright, Norman (I)";7.4;268000000.0;1
299894;"Wu, Tian-Ming";7.3;1104619.0;1
300073;"Wyler, William";39.7;102000000.0;5
300158;"Wynorski, Jim";8.7;0.0;2
300544;"Yagher, Kevin";4.7;16675000.0;1
300608;"Yakin, Boaz";21.6;124825158.0;3
300947;"Yamauchi, Shigeyasu";5.2;16643191.0;1
301307;"Yarbrough, Jean";1.8;0.0;1
301461;"Yates, Peter (I)";19.6;13185426.0;3
301590;"Yeaworth Jr., Irvin S.";6.3;0.0;1
301887;"Yim, Ho";6.7;0.0;1
301900;"Yin, Li (I)";6.5;0.0;1
302514;"Young, Harold";11.9;0.0;2
302524;"Young, James (I)";6.7;0.0;1
302543;"Young, John G.";6.2;0.0;1
302571;"Young, Lance (I)";5.8;207751.0;1
302638;"Young, Robert (III)";6.2;9202671.0;1
302643;"Young, Robert M. (I)";12.5;13622280.0;2
302682;"Young, Terence";28.3;254900000.0;4
302710;"Younger, Ben";6.9;16938179.0;1
302870;"Yu, Ronny";9.4;57120667.0;2
302973;"Yuen, Corey";6.6;0.0;1
302989;"Yuen, Woo-ping";7.5;1470389.0;1
303156;"Yuyama, Kunihiko";10.1;129491585.0;2
303160;"Yuzna, Brian";6.0;0.0;1
303462;"Zaillian, Steven";13.9;63969284.0;2
303551;"Zaks, Jerry";6.6;12782508.0;1
303590;"Zaloum, Alain";9.4;0.0;2
303640;"Zambrano, Benito";7.4;367939.0;1
303652;"Zambuto, Gero";0.0;0.0;1
303666;"Zamm, Alex";2.1;306715.0;1
303824;"Zanuck, Darryl F.";7.7;50000000.0;1
304223;"Zeffirelli, Franco";47.7;93472145.0;7
304410;"Zemeckis, Robert";66.8;2651000634.0;9
304738;"Zhang, Yang (II)";7.1;1153271.0;1
304740;"Zhang, Yimou";38.2;8188049.0;5
304743;"Zhang, Yuan (I)";6.3;46470.0;1
304827;"Zheng, Junli";6.9;0.0;1
305009;"Zieff, Howard";5.9;4739769.0;1
305044;"Ziehl, Scott";6.4;13493.0;1
305307;"Zinnemann, Fred";30.8;76850000.0;4
305385;"Zito, Joseph (I)";10.5;53205507.0;2
305444;"Zlotoff, Lee David";6.7;12643776.0;1
305548;"Zonca, Erick";7.3;1726187.0;1
305550;"Zondag, Dick";5.7;9315576.0;1
305551;"Zondag, Ralph";12.0;363563639.0;2
305750;"Zucker, David (I)";35.3;326599065.0;5
305753;"Zucker, Jerry";27.2;699887075.0;4
305800;"Zulawski, Andrzej";7.1;1113538.0;1
305962;"Zwick, Edward";33.8;267712025.0;5
305978;"Zwigoff, Terry";7.8;3174695.0;1
306168;"Ávila, Carlos (I)";5.9;3542843.0;1
306343;"Ôshima, Nagisa";13.5;213736.0;2
306351;"Ôtomo, Katsuhiro";7.9;114009.0;1
